{"cameraMode":{"drawMode":0,"name":"Shaded","section":"Shading Mode"},"sceneLighting":true,"audioPlay":false,"sceneViewState":{"showFog":true,"showMaterialUpdate":false,"showSkybox":false,"showFlares":true,"showImageEffects":true,"showParticleSystems":true},"in2DMode":false,"pivot":{"x":-1154.8299560546875,"y":39.81499481201172,"z":320.06500244140627},"rotation":{"x":-0.10199926793575287,"y":0.8336820602416992,"z":-0.517245352268219,"w":-0.16439981758594514},"size":91.78135681152344,"orthographic":false}