{"cameraMode":{"drawMode":0,"name":"Shaded","section":"Shading Mode"},"sceneLighting":false,"audioPlay":false,"sceneViewState":{"showFog":true,"showMaterialUpdate":false,"showSkybox":true,"showFlares":true,"showImageEffects":true,"showParticleSystems":true},"in2DMode":false,"pivot":{"x":-1100.800048828125,"y":6.360000133514404,"z":304.79998779296877},"rotation":{"x":-0.5230726599693298,"y":0.34469902515411379,"z":-0.24452266097068788,"w":-0.7405736446380615},"size":205.32603454589845,"orthographic":false}