{"cameraMode":{"drawMode":0,"name":"Shaded","section":"Shading Mode"},"sceneLighting":true,"audioPlay":false,"sceneViewState":{"showFog":true,"showMaterialUpdate":false,"showSkybox":true,"showFlares":true,"showImageEffects":true,"showParticleSystems":true},"in2DMode":false,"pivot":{"x":-1197.766357421875,"y":26.647289276123048,"z":279.4544982910156},"rotation":{"x":-0.11886556446552277,"y":0.8710030317306519,"z":-0.2576833963394165,"w":-0.40119025111198428},"size":0.6989306211471558,"orthographic":false}