{"cameraMode":{"drawMode":0,"name":"Shaded","section":"Shading Mode"},"sceneLighting":false,"audioPlay":false,"sceneViewState":{"showFog":true,"showMaterialUpdate":false,"showSkybox":true,"showFlares":true,"showImageEffects":true,"showParticleSystems":true},"in2DMode":false,"pivot":{"x":-963.8046264648438,"y":41.74686813354492,"z":242.93856811523438},"rotation":{"x":0.10662870109081269,"y":0.7993659973144531,"z":-0.1533953845500946,"w":0.5719065070152283},"size":37.294708251953128,"orthographic":false}