{"cameraMode":{"drawMode":0,"name":"Shaded","section":"Shading Mode"},"sceneLighting":true,"audioPlay":false,"sceneViewState":{"showFog":true,"showMaterialUpdate":false,"showSkybox":true,"showFlares":true,"showImageEffects":true,"showParticleSystems":true},"in2DMode":false,"pivot":{"x":-1020.263427734375,"y":-36.14030456542969,"z":204.49668884277345},"rotation":{"x":-0.16704994440078736,"y":0.801112949848175,"z":-0.2603016793727875,"w":-0.5126065611839294},"size":91.78135681152344,"orthographic":false}