{"cameraMode":{"drawMode":0,"name":"Shaded","section":"Shading Mode"},"sceneLighting":true,"audioPlay":false,"sceneViewState":{"showFog":true,"showMaterialUpdate":false,"showSkybox":true,"showFlares":true,"showImageEffects":true,"showParticleSystems":true},"in2DMode":false,"pivot":{"x":-1062.0999755859375,"y":15.65999984741211,"z":291.70001220703127},"rotation":{"x":0.3989282548427582,"y":-0.4083537459373474,"z":0.2045852392911911,"w":0.7955955266952515},"size":74.91854858398438,"orthographic":false}