{"cameraMode":{"drawMode":0,"name":"Shaded","section":"Shading Mode"},"sceneLighting":true,"audioPlay":false,"sceneViewState":{"showFog":true,"showMaterialUpdate":false,"showSkybox":true,"showFlares":true,"showImageEffects":true,"showParticleSystems":true},"in2DMode":false,"pivot":{"x":-1426.0731201171875,"y":108.64320373535156,"z":31.98442840576172},"rotation":{"x":0.01335506234318018,"y":-0.986228883266449,"z":0.11751608550548554,"w":0.11809389293193817},"size":315.3845520019531,"orthographic":false}