{"cameraMode":{"drawMode":0,"name":"Shaded","section":"Shading Mode"},"sceneLighting":true,"audioPlay":false,"sceneViewState":{"showFog":true,"showMaterialUpdate":false,"showSkybox":true,"showFlares":true,"showImageEffects":true,"showParticleSystems":true},"in2DMode":false,"pivot":{"x":-1076.5689697265625,"y":-48.829402923583987,"z":279.07916259765627},"rotation":{"x":0.38897791504859927,"y":0.4062388241291046,"z":-0.19491954147815705,"w":0.8038339614868164},"size":42.0472526550293,"orthographic":false}