{"cameraMode":{"drawMode":0,"name":"Shaded","section":"Shading Mode"},"sceneLighting":false,"audioPlay":false,"sceneViewState":{"showFog":true,"showMaterialUpdate":false,"showSkybox":true,"showFlares":true,"showImageEffects":true,"showParticleSystems":true},"in2DMode":false,"pivot":{"x":-1002.0186767578125,"y":46.11796569824219,"z":251.74880981445313},"rotation":{"x":0.3408811390399933,"y":-0.6585012674331665,"z":0.5064236521720886,"w":0.44081419706344607},"size":17.37411117553711,"orthographic":false}