{"cameraMode":{"drawMode":0,"name":"Shaded","section":"Shading Mode"},"sceneLighting":true,"audioPlay":false,"sceneViewState":{"showFog":true,"showMaterialUpdate":false,"showSkybox":true,"showFlares":true,"showImageEffects":true,"showParticleSystems":true},"in2DMode":false,"pivot":{"x":-1307.1912841796875,"y":60.476688385009769,"z":88.51525115966797},"rotation":{"x":0.11583337187767029,"y":0.8338238000869751,"z":-0.19105005264282227,"w":0.5049045085906982},"size":7.874439716339111,"orthographic":false}