{"cameraMode":{"drawMode":0,"name":"Shaded","section":"Shading Mode"},"sceneLighting":false,"audioPlay":false,"sceneViewState":{"showFog":true,"showMaterialUpdate":false,"showSkybox":true,"showFlares":true,"showImageEffects":true,"showParticleSystems":true},"in2DMode":false,"pivot":{"x":-1168.3358154296875,"y":13.362478256225586,"z":326.7384948730469},"rotation":{"x":-0.2663731276988983,"y":-0.24806460738182069,"z":0.07109468430280686,"w":-0.9287056922912598},"size":8.548685073852539,"orthographic":false}