{"cameraMode":{"drawMode":0,"name":"Shaded","section":"Shading Mode"},"sceneLighting":false,"audioPlay":false,"sceneViewState":{"showFog":true,"showMaterialUpdate":false,"showSkybox":true,"showFlares":true,"showImageEffects":true,"showParticleSystems":true},"in2DMode":false,"pivot":{"x":-1086.440185546875,"y":-41.83063507080078,"z":207.96925354003907},"rotation":{"x":0.09579376131296158,"y":0.8932502269744873,"z":-0.23286063969135285,"w":0.3736528754234314},"size":46.500545501708987,"orthographic":false}