{"cameraMode":{"drawMode":0,"name":"Shaded","section":"Shading Mode"},"sceneLighting":false,"audioPlay":false,"sceneViewState":{"showFog":true,"showMaterialUpdate":false,"showSkybox":true,"showFlares":true,"showImageEffects":true,"showParticleSystems":true},"in2DMode":false,"pivot":{"x":-1319.93798828125,"y":55.37114715576172,"z":87.64461517333985},"rotation":{"x":-0.05771317705512047,"y":0.8400180339813232,"z":0.08825422823429108,"w":0.5330554246902466},"size":1.8928592205047608,"orthographic":false}