{"cameraMode":{"drawMode":0,"name":"Shaded","section":"Shading Mode"},"sceneLighting":true,"audioPlay":false,"sceneViewState":{"showFog":true,"showMaterialUpdate":false,"showSkybox":true,"showFlares":true,"showImageEffects":true,"showParticleSystems":true},"in2DMode":false,"pivot":{"x":-1301.4898681640625,"y":267.956787109375,"z":22.26531982421875},"rotation":{"x":-0.12700915336608888,"y":0.7652155160903931,"z":-0.1549283117055893,"w":-0.6124312281608582},"size":6.0073957443237309,"orthographic":false}