{"cameraMode":{"drawMode":0,"name":"Shaded","section":"Shading Mode"},"sceneLighting":true,"audioPlay":false,"sceneViewState":{"showFog":true,"showMaterialUpdate":false,"showSkybox":true,"showFlares":true,"showImageEffects":true,"showParticleSystems":true},"in2DMode":false,"pivot":{"x":-1156.2960205078125,"y":-16.596267700195314,"z":315.3465270996094},"rotation":{"x":0.3074793517589569,"y":0.5277498960494995,"z":-0.2153085172176361,"w":0.7625351548194885},"size":29.113924026489259,"orthographic":false}