{"cameraMode":{"drawMode":0,"name":"Shaded","section":"Shading Mode"},"sceneLighting":false,"audioPlay":false,"sceneViewState":{"showFog":true,"showMaterialUpdate":false,"showSkybox":true,"showFlares":true,"showImageEffects":true,"showParticleSystems":true},"in2DMode":false,"pivot":{"x":559.0584716796875,"y":-199.375732421875,"z":752.0604248046875},"rotation":{"x":0.24065439403057099,"y":0.7410562038421631,"z":-0.3415091037750244,"w":0.5264171361923218},"size":1777.58154296875,"orthographic":false}