{"cameraMode":{"drawMode":0,"name":"Shaded","section":"Shading Mode"},"sceneLighting":true,"audioPlay":false,"sceneViewState":{"showFog":true,"showMaterialUpdate":false,"showSkybox":true,"showFlares":true,"showImageEffects":true,"showParticleSystems":true},"in2DMode":false,"pivot":{"x":-1321.8499755859375,"y":264.8726501464844,"z":15.14422607421875},"rotation":{"x":0.00046544664655812085,"y":0.9976145625114441,"z":-0.07106636464595795,"w":0.008857743814587593},"size":91.78135681152344,"orthographic":false}