{"cameraMode":{"drawMode":0,"name":"Shaded","section":"Shading Mode"},"sceneLighting":false,"audioPlay":false,"sceneViewState":{"showFog":true,"showMaterialUpdate":false,"showSkybox":true,"showFlares":true,"showImageEffects":true,"showParticleSystems":true},"in2DMode":false,"pivot":{"x":-1322.803466796875,"y":249.4561767578125,"z":2.959099292755127},"rotation":{"x":-0.010121293365955353,"y":-0.9908408522605896,"z":-0.10164360702037811,"w":0.09206341207027435},"size":2.393332004547119,"orthographic":false}