{"cameraMode":{"drawMode":0,"name":"Shaded","section":"Shading Mode"},"sceneLighting":false,"audioPlay":false,"sceneViewState":{"showFog":true,"showMaterialUpdate":false,"showSkybox":true,"showFlares":true,"showImageEffects":true,"showParticleSystems":true},"in2DMode":false,"pivot":{"x":-990.9475708007813,"y":30.694772720336915,"z":200.02163696289063},"rotation":{"x":-0.12583647668361665,"y":0.8517323732376099,"z":-0.4497256577014923,"w":-0.23906533420085908},"size":172.659423828125,"orthographic":false}