{"cameraMode":{"drawMode":0,"name":"Shaded","section":"Shading Mode"},"sceneLighting":false,"audioPlay":false,"sceneViewState":{"showFog":true,"showMaterialUpdate":false,"showSkybox":true,"showFlares":true,"showImageEffects":true,"showParticleSystems":true},"in2DMode":false,"pivot":{"x":-858.3942260742188,"y":-0.14482203125953675,"z":136.58206176757813},"rotation":{"x":-0.3502850830554962,"y":-0.3258279263973236,"z":0.13170741498470307,"w":-0.868640124797821},"size":36.44375991821289,"orthographic":false}