{"cameraMode":{"drawMode":0,"name":"Shaded","section":"Shading Mode"},"sceneLighting":true,"audioPlay":false,"sceneViewState":{"showFog":true,"showMaterialUpdate":false,"showSkybox":true,"showFlares":true,"showImageEffects":true,"showParticleSystems":true},"in2DMode":false,"pivot":{"x":-1323.5350341796875,"y":245.2021942138672,"z":98.5145034790039},"rotation":{"x":0.05922846868634224,"y":0.8321576714515686,"z":-0.09043752402067185,"w":0.5439980030059815},"size":24.22772216796875,"orthographic":false}