{"cameraMode":{"drawMode":0,"name":"Shaded","section":"Shading Mode"},"sceneLighting":true,"audioPlay":false,"sceneViewState":{"showFog":true,"showMaterialUpdate":false,"showSkybox":true,"showFlares":true,"showImageEffects":true,"showParticleSystems":true},"in2DMode":false,"pivot":{"x":-1019.8449096679688,"y":41.5108528137207,"z":248.44232177734376},"rotation":{"x":0.18798929452896119,"y":0.6960701942443848,"z":-0.19703993201255799,"w":0.6648635268211365},"size":6.0183844566345219,"orthographic":false}