{"cameraMode":{"drawMode":0,"name":"Shaded","section":"Shading Mode"},"sceneLighting":true,"audioPlay":false,"sceneViewState":{"showFog":true,"showMaterialUpdate":false,"showSkybox":true,"showFlares":true,"showImageEffects":true,"showParticleSystems":true},"in2DMode":false,"pivot":{"x":-1067.4169921875,"y":25.45050621032715,"z":322.0779724121094},"rotation":{"x":0.052624672651290897,"y":0.23780997097492219,"z":-0.01338133867830038,"w":0.9699572324752808},"size":24.520156860351564,"orthographic":false}