{"cameraMode":{"drawMode":0,"name":"Shaded","section":"Shading Mode"},"sceneLighting":false,"audioPlay":false,"sceneViewState":{"showFog":true,"showMaterialUpdate":false,"showSkybox":true,"showFlares":true,"showImageEffects":true,"showParticleSystems":true},"in2DMode":false,"pivot":{"x":-1032.057861328125,"y":-74.22323608398438,"z":197.96983337402345},"rotation":{"x":-0.19188272953033448,"y":0.6837502717971802,"z":-0.19392693042755128,"w":-0.67682945728302},"size":338.3008728027344,"orthographic":false}