{"cameraMode":{"drawMode":0,"name":"Shaded","section":"Shading Mode"},"sceneLighting":false,"audioPlay":false,"sceneViewState":{"showFog":true,"showMaterialUpdate":false,"showSkybox":true,"showFlares":true,"showImageEffects":true,"showParticleSystems":true},"in2DMode":false,"pivot":{"x":-967.9345703125,"y":24.194000244140626,"z":297.39837646484377},"rotation":{"x":0.3941114842891693,"y":0.4753032922744751,"z":-0.25123170018196108,"w":0.7454460263252258},"size":98.05012512207031,"orthographic":false}