{"cameraMode":{"drawMode":0,"name":"Shaded","section":"Shading Mode"},"sceneLighting":true,"audioPlay":false,"sceneViewState":{"showFog":true,"showMaterialUpdate":false,"showSkybox":true,"showFlares":true,"showImageEffects":true,"showParticleSystems":true},"in2DMode":false,"pivot":{"x":-1308.07177734375,"y":61.69808578491211,"z":94.6567611694336},"rotation":{"x":0.1403113603591919,"y":0.5425479412078857,"z":-0.09485213458538056,"w":0.8232273459434509},"size":6.692858695983887,"orthographic":false}