{"cameraMode":{"drawMode":0,"name":"Shaded","section":"Shading Mode"},"sceneLighting":true,"audioPlay":false,"sceneViewState":{"showFog":true,"showMaterialUpdate":false,"showSkybox":true,"showFlares":true,"showImageEffects":true,"showParticleSystems":true},"in2DMode":false,"pivot":{"x":-1083.6195068359375,"y":44.56636428833008,"z":180.854248046875},"rotation":{"x":-0.3293454349040985,"y":0.5913904905319214,"z":-0.29005080461502077,"w":-0.6768494844436646},"size":37.00232696533203,"orthographic":false}