{"cameraMode":{"drawMode":0,"name":"Shaded","section":"Shading Mode"},"sceneLighting":true,"audioPlay":false,"sceneViewState":{"showFog":true,"showMaterialUpdate":false,"showSkybox":true,"showFlares":true,"showImageEffects":true,"showParticleSystems":true},"in2DMode":false,"pivot":{"x":-1157.7427978515625,"y":-7.399733066558838,"z":260.6675109863281},"rotation":{"x":0.4031182527542114,"y":-0.29023048281669619,"z":0.13421113789081574,"w":0.8579798340797424},"size":10.0,"orthographic":false}