{"cameraMode":{"drawMode":0,"name":"Shaded","section":"Shading Mode"},"sceneLighting":true,"audioPlay":false,"sceneViewState":{"showFog":true,"showMaterialUpdate":false,"showSkybox":true,"showFlares":true,"showImageEffects":true,"showParticleSystems":true},"in2DMode":false,"pivot":{"x":-1317.81005859375,"y":240.62400817871095,"z":195.02113342285157},"rotation":{"x":0.05788896977901459,"y":0.002626647474244237,"z":-0.0004260206187609583,"w":0.9984278082847595},"size":154.1055450439453,"orthographic":false}