{"cameraMode":{"drawMode":0,"name":"Shaded","section":"Shading Mode"},"sceneLighting":false,"audioPlay":false,"sceneViewState":{"showFog":true,"showMaterialUpdate":false,"showSkybox":true,"showFlares":true,"showImageEffects":true,"showParticleSystems":true},"in2DMode":false,"pivot":{"x":-1094.401611328125,"y":26.192638397216798,"z":238.6859893798828},"rotation":{"x":-0.04351433739066124,"y":0.8047847151756287,"z":-0.05953725427389145,"w":-0.5890009999275208},"size":10.0,"orthographic":false}