{"cameraMode":{"drawMode":0,"name":"Shaded","section":"Shading Mode"},"sceneLighting":true,"audioPlay":false,"sceneViewState":{"showFog":true,"showMaterialUpdate":false,"showSkybox":true,"showFlares":true,"showImageEffects":true,"showParticleSystems":true},"in2DMode":false,"pivot":{"x":895.7145385742188,"y":606.10107421875,"z":-26.22479248046875},"rotation":{"x":0.05370628833770752,"y":0.005860576871782541,"z":-0.00032684471807442605,"w":0.9989010691642761},"size":327.56268310546877,"orthographic":false}