{"cameraMode":{"drawMode":0,"name":"Shaded","section":"Shading Mode"},"sceneLighting":true,"audioPlay":false,"sceneViewState":{"showFog":true,"showMaterialUpdate":false,"showSkybox":true,"showFlares":true,"showImageEffects":true,"showParticleSystems":true},"in2DMode":false,"pivot":{"x":-1303.258544921875,"y":236.44065856933595,"z":18.31494903564453},"rotation":{"x":0.0005668876110576093,"y":0.9979820251464844,"z":-0.022833820432424547,"w":0.06616581976413727},"size":85.88884735107422,"orthographic":false}