{"cameraMode":{"drawMode":0,"name":"Shaded","section":"Shading Mode"},"sceneLighting":false,"audioPlay":false,"sceneViewState":{"showFog":true,"showMaterialUpdate":false,"showSkybox":true,"showFlares":true,"showImageEffects":true,"showParticleSystems":true},"in2DMode":false,"pivot":{"x":-1050.9061279296875,"y":3.8214755058288576,"z":175.81097412109376},"rotation":{"x":0.239020437002182,"y":0.626452624797821,"z":-0.2130812257528305,"w":0.7112060785293579},"size":7.847445487976074,"orthographic":false}