{"cameraMode":{"drawMode":0,"name":"Shaded","section":"Shading Mode"},"sceneLighting":true,"audioPlay":false,"sceneViewState":{"showFog":true,"showMaterialUpdate":false,"showSkybox":true,"showFlares":true,"showImageEffects":true,"showParticleSystems":true},"in2DMode":false,"pivot":{"x":-902.2193603515625,"y":47.06111145019531,"z":147.91152954101563},"rotation":{"x":-0.09028930962085724,"y":-0.5060989260673523,"z":0.052120108157396319,"w":-0.8564099669456482},"size":13.738088607788086,"orthographic":false}