{"cameraMode":{"drawMode":0,"name":"Shaded","section":"Shading Mode"},"sceneLighting":false,"audioPlay":false,"sceneViewState":{"showFog":true,"showMaterialUpdate":false,"showSkybox":true,"showFlares":true,"showImageEffects":true,"showParticleSystems":true},"in2DMode":false,"pivot":{"x":-972.5979614257813,"y":-80.36138916015625,"z":192.86976623535157},"rotation":{"x":-0.28543514013290408,"y":-0.3604857325553894,"z":0.1163073405623436,"w":-0.8807567358016968},"size":169.4532470703125,"orthographic":false}