{"cameraMode":{"drawMode":0,"name":"Shaded","section":"Shading Mode"},"sceneLighting":true,"audioPlay":false,"sceneViewState":{"showFog":true,"showMaterialUpdate":false,"showSkybox":true,"showFlares":true,"showImageEffects":true,"showParticleSystems":true},"in2DMode":false,"pivot":{"x":-1155.27001953125,"y":-10.863449096679688,"z":315.9393005371094},"rotation":{"x":0.41354867815971377,"y":0.09801893681287766,"z":-0.044833749532699588,"w":0.9040836095809937},"size":27.71220588684082,"orthographic":false}