{"cameraMode":{"drawMode":0,"name":"Shaded","section":"Shading Mode"},"sceneLighting":false,"audioPlay":false,"sceneViewState":{"showFog":true,"showMaterialUpdate":false,"showSkybox":true,"showFlares":true,"showImageEffects":true,"showParticleSystems":true},"in2DMode":false,"pivot":{"x":-1042.4320068359375,"y":32.97386169433594,"z":176.49899291992188},"rotation":{"x":0.03838276490569115,"y":0.9592518210411072,"z":-0.17043139040470124,"w":0.2241765856742859},"size":31.032976150512697,"orthographic":false}