{"cameraMode":{"drawMode":0,"name":"Shaded","section":"Shading Mode"},"sceneLighting":false,"audioPlay":false,"sceneViewState":{"showFog":true,"showMaterialUpdate":false,"showSkybox":true,"showFlares":true,"showImageEffects":true,"showParticleSystems":true},"in2DMode":false,"pivot":{"x":-1087.4085693359375,"y":-7.582303047180176,"z":264.32916259765627},"rotation":{"x":0.5054537653923035,"y":0.08567021042108536,"z":-0.05046817287802696,"w":0.8571317791938782},"size":109.6926498413086,"orthographic":false}