{"cameraMode":{"drawMode":0,"name":"Shaded","section":"Shading Mode"},"sceneLighting":true,"audioPlay":false,"sceneViewState":{"showFog":true,"showMaterialUpdate":false,"showSkybox":true,"showFlares":true,"showImageEffects":true,"showParticleSystems":true},"in2DMode":false,"pivot":{"x":820.752685546875,"y":620.4154663085938,"z":108.74769592285156},"rotation":{"x":-0.02192324586212635,"y":0.025598039850592614,"z":-0.00008980641723610461,"w":-0.9997014403343201},"size":653.2827758789063,"orthographic":false}