{"cameraMode":{"drawMode":0,"name":"Shaded","section":"Shading Mode"},"sceneLighting":false,"audioPlay":false,"sceneViewState":{"showFog":true,"showMaterialUpdate":true,"showSkybox":false,"showFlares":true,"showImageEffects":true,"showParticleSystems":true},"in2DMode":false,"pivot":{"x":-56.492889404296878,"y":10.146699905395508,"z":66.24309539794922},"rotation":{"x":0.2639307379722595,"y":0.2318434715270996,"z":-0.06560465693473816,"w":0.9340891242027283},"size":12.997586250305176,"orthographic":false}