{"cameraMode":{"drawMode":0,"name":"Shaded","section":"Shading Mode"},"sceneLighting":false,"audioPlay":false,"sceneViewState":{"showFog":true,"showMaterialUpdate":true,"showSkybox":false,"showFlares":true,"showImageEffects":true,"showParticleSystems":true},"in2DMode":false,"pivot":{"x":-48.06923294067383,"y":25.408733367919923,"z":-25.81219482421875},"rotation":{"x":0.011849066242575646,"y":-0.9799927473068237,"z":0.09484151750802994,"w":0.18328317999839784},"size":40.66957092285156,"orthographic":false}