{"cameraMode":{"drawMode":0,"name":"Shaded","section":"Shading Mode"},"sceneLighting":false,"audioPlay":false,"sceneViewState":{"showFog":true,"showMaterialUpdate":true,"showSkybox":false,"showFlares":true,"showImageEffects":true,"showParticleSystems":true},"in2DMode":false,"pivot":{"x":-52.266849517822269,"y":8.943845748901368,"z":48.58809280395508},"rotation":{"x":0.2688963711261749,"y":0.5906761884689331,"z":-0.21789081394672395,"w":0.7289448380470276},"size":27.562408447265626,"orthographic":false}