{"cameraMode":{"drawMode":0,"name":"Shaded","section":"Shading Mode"},"sceneLighting":false,"audioPlay":false,"sceneViewState":{"showFog":true,"showMaterialUpdate":true,"showSkybox":false,"showFlares":true,"showImageEffects":true,"showParticleSystems":true},"in2DMode":false,"pivot":{"x":-68.15168762207031,"y":34.388858795166019,"z":73.17237091064453},"rotation":{"x":-0.09772142767906189,"y":-0.7220170497894287,"z":0.10434425622224808,"w":-0.677486777305603},"size":40.21760177612305,"orthographic":false}