{"cameraMode":{"drawMode":0,"name":"Shaded","section":"Shading Mode"},"sceneLighting":false,"audioPlay":false,"sceneViewState":{"showFog":true,"showMaterialUpdate":true,"showSkybox":false,"showFlares":true,"showImageEffects":true,"showParticleSystems":true},"in2DMode":false,"pivot":{"x":-1158.43359375,"y":-112.99736022949219,"z":883.5684814453125},"rotation":{"x":0.14109712839126588,"y":-0.6840307116508484,"z":0.13750381767749787,"w":0.7023687958717346},"size":201.31277465820313,"orthographic":false}