{"cameraMode":{"drawMode":0,"name":"Shaded","section":"Shading Mode"},"sceneLighting":false,"audioPlay":false,"sceneViewState":{"showFog":true,"showMaterialUpdate":true,"showSkybox":false,"showFlares":true,"showImageEffects":true,"showParticleSystems":true},"in2DMode":false,"pivot":{"x":-65.2256088256836,"y":24.661100387573243,"z":-15.925450325012207},"rotation":{"x":0.18222655355930329,"y":0.1486397087574005,"z":-0.027964754030108453,"w":0.9716812968254089},"size":26.009822845458986,"orthographic":false}