{"cameraMode":{"drawMode":0,"name":"Shaded","section":"Shading Mode"},"sceneLighting":false,"audioPlay":false,"sceneViewState":{"showFog":true,"showMaterialUpdate":true,"showSkybox":false,"showFlares":true,"showImageEffects":true,"showParticleSystems":true},"in2DMode":false,"pivot":{"x":21.970754623413087,"y":47.22270202636719,"z":56.736854553222659},"rotation":{"x":0.15190108120441438,"y":-0.02403136156499386,"z":0.0035028676502406599,"w":0.9889767169952393},"size":38.85025405883789,"orthographic":false}