{"cameraMode":{"drawMode":0,"name":"Shaded","section":"Shading Mode"},"sceneLighting":false,"audioPlay":false,"sceneViewState":{"showFog":true,"showMaterialUpdate":true,"showSkybox":false,"showFlares":true,"showImageEffects":true,"showParticleSystems":true},"in2DMode":false,"pivot":{"x":-53.63283157348633,"y":44.54847717285156,"z":-63.227394104003909},"rotation":{"x":0.017558114603161813,"y":0.8710172772407532,"z":0.03213190659880638,"w":-0.4909905195236206},"size":54.5496826171875,"orthographic":false}