{"cameraMode":{"drawMode":0,"name":"Shaded","section":"Shading Mode"},"sceneLighting":true,"audioPlay":false,"sceneViewState":{"showFog":true,"showMaterialUpdate":false,"showSkybox":true,"showFlares":true,"showImageEffects":true,"showParticleSystems":true},"in2DMode":false,"pivot":{"x":-1242.3966064453125,"y":200.4527130126953,"z":293.6233825683594},"rotation":{"x":0.09301897883415222,"y":0.8748494386672974,"z":-0.18590377271175385,"w":0.4375852048397064},"size":88.81696319580078,"orthographic":false}