{"cameraMode":{"drawMode":0,"name":"Shaded","section":"Shading Mode"},"sceneLighting":true,"audioPlay":false,"sceneViewState":{"showFog":true,"showMaterialUpdate":false,"showSkybox":true,"showFlares":true,"showImageEffects":true,"showParticleSystems":true},"in2DMode":false,"pivot":{"x":-1100.0084228515625,"y":212.7781524658203,"z":113.68264770507813},"rotation":{"x":0.011085843667387963,"y":0.8954402208328247,"z":-0.022291822358965875,"w":0.444536030292511},"size":179.6924591064453,"orthographic":false}