{"cameraMode":{"drawMode":0,"name":"Shaded","section":"Shading Mode"},"sceneLighting":true,"audioPlay":false,"sceneViewState":{"showFog":true,"showMaterialUpdate":false,"showSkybox":true,"showFlares":true,"showImageEffects":true,"showParticleSystems":true},"in2DMode":false,"pivot":{"x":-1402.029296875,"y":21.83313751220703,"z":150.55972290039063},"rotation":{"x":0.1409003585577011,"y":-0.47443121671676638,"z":0.07426392287015915,"w":0.8660890460014343},"size":67.37533569335938,"orthographic":false}