{"cameraMode":{"drawMode":0,"name":"Shaded","section":"Shading Mode"},"sceneLighting":false,"audioPlay":false,"sceneViewState":{"showFog":true,"showMaterialUpdate":false,"showSkybox":true,"showFlares":true,"showImageEffects":true,"showParticleSystems":true},"in2DMode":false,"pivot":{"x":-1322.0362548828125,"y":233.18392944335938,"z":29.0810546875},"rotation":{"x":-0.056884974241256717,"y":-0.9433763027191162,"z":0.22102631628513337,"w":-0.24366526305675507},"size":16.91385841369629,"orthographic":false}