{"cameraMode":{"drawMode":0,"name":"Shaded","section":"Shading Mode"},"sceneLighting":false,"audioPlay":false,"sceneViewState":{"showFog":true,"showMaterialUpdate":false,"showSkybox":true,"showFlares":true,"showImageEffects":true,"showParticleSystems":true},"in2DMode":false,"pivot":{"x":-828.773681640625,"y":4.05298376083374,"z":144.38758850097657},"rotation":{"x":0.03402836248278618,"y":-0.19566228985786439,"z":0.005808580666780472,"w":0.9807549715042114},"size":14.97237777709961,"orthographic":false}