{"cameraMode":{"drawMode":0,"name":"Shaded","section":"Shading Mode"},"sceneLighting":true,"audioPlay":false,"sceneViewState":{"showFog":true,"showMaterialUpdate":false,"showSkybox":true,"showFlares":true,"showImageEffects":true,"showParticleSystems":true},"in2DMode":false,"pivot":{"x":-922.5552368164063,"y":-146.5662841796875,"z":248.67752075195313},"rotation":{"x":-0.3437441289424896,"y":-0.5170299410820007,"z":0.24214570224285127,"w":-0.7460604310035706},"size":240.44252014160157,"orthographic":false}