{"cameraMode":{"drawMode":0,"name":"Shaded","section":"Shading Mode"},"sceneLighting":true,"audioPlay":false,"sceneViewState":{"showFog":true,"showMaterialUpdate":false,"showSkybox":false,"showFlares":true,"showImageEffects":true,"showParticleSystems":true},"in2DMode":false,"pivot":{"x":-1073.699951171875,"y":12.65999984741211,"z":295.5165100097656},"rotation":{"x":-0.21004052460193635,"y":0.6600603461265564,"z":-0.20007255673408509,"w":-0.6929461359977722},"size":3.992858409881592,"orthographic":false}