{"cameraMode":{"drawMode":0,"name":"Shaded","section":"Shading Mode"},"sceneLighting":true,"audioPlay":false,"sceneViewState":{"showFog":true,"showMaterialUpdate":false,"showSkybox":true,"showFlares":true,"showImageEffects":true,"showParticleSystems":true},"in2DMode":false,"pivot":{"x":-794.314208984375,"y":56.27265548706055,"z":194.7940216064453},"rotation":{"x":-0.055178288370370868,"y":-0.8136944770812988,"z":0.07802634686231613,"w":-0.5737496614456177},"size":163.99229431152345,"orthographic":false}