{"cameraMode":{"drawMode":0,"name":"Shaded","section":"Shading Mode"},"sceneLighting":true,"audioPlay":false,"sceneViewState":{"showFog":true,"showMaterialUpdate":false,"showSkybox":true,"showFlares":true,"showImageEffects":true,"showParticleSystems":true},"in2DMode":false,"pivot":{"x":-1069.005615234375,"y":25.637693405151368,"z":211.5047607421875},"rotation":{"x":0.22362349927425385,"y":-0.7248572707176209,"z":0.2767728269100189,"w":0.5907959342002869},"size":35.69401931762695,"orthographic":false}