{"cameraMode":{"drawMode":0,"name":"Shaded","section":"Shading Mode"},"sceneLighting":true,"audioPlay":false,"sceneViewState":{"showFog":true,"showMaterialUpdate":false,"showSkybox":false,"showFlares":true,"showImageEffects":true,"showParticleSystems":true},"in2DMode":false,"pivot":{"x":-1155.0999755859375,"y":14.65999984741211,"z":320.20001220703127},"rotation":{"x":-0.486140638589859,"y":-0.08055254071950913,"z":0.04488075152039528,"w":-0.8690902590751648},"size":3.992858409881592,"orthographic":false}