{"cameraMode":{"drawMode":0,"name":"Shaded","section":"Shading Mode"},"sceneLighting":true,"audioPlay":false,"sceneViewState":{"showFog":true,"showMaterialUpdate":false,"showSkybox":true,"showFlares":true,"showImageEffects":true,"showParticleSystems":true},"in2DMode":false,"pivot":{"x":-1064.210693359375,"y":-28.671798706054689,"z":278.6405944824219},"rotation":{"x":-0.08987436443567276,"y":0.7561442852020264,"z":-0.6406083106994629,"w":-0.10244766622781754},"size":323.7301330566406,"orthographic":false}