{"cameraMode":{"drawMode":0,"name":"Shaded","section":"Shading Mode"},"sceneLighting":false,"audioPlay":false,"sceneViewState":{"showFog":true,"showMaterialUpdate":false,"showSkybox":true,"showFlares":true,"showImageEffects":true,"showParticleSystems":true},"in2DMode":false,"pivot":{"x":-1012.6704711914063,"y":47.29624938964844,"z":267.8968505859375},"rotation":{"x":0.2437087595462799,"y":-0.5875841379165649,"z":0.19210542738437653,"w":0.7482953667640686},"size":95.00977325439453,"orthographic":false}