{"cameraMode":{"drawMode":0,"name":"Shaded","section":"Shading Mode"},"sceneLighting":true,"audioPlay":false,"sceneViewState":{"showFog":true,"showMaterialUpdate":false,"showSkybox":true,"showFlares":true,"showImageEffects":true,"showParticleSystems":true},"in2DMode":false,"pivot":{"x":-1306.799072265625,"y":242.60206604003907,"z":-46.633628845214847},"rotation":{"x":-0.0006886736373417079,"y":-0.9991710782051086,"z":0.011973913758993149,"w":-0.04090587794780731},"size":113.53346252441406,"orthographic":false}