{"cameraMode":{"drawMode":0,"name":"Shaded","section":"Shading Mode"},"sceneLighting":false,"audioPlay":false,"sceneViewState":{"showFog":true,"showMaterialUpdate":false,"showSkybox":true,"showFlares":true,"showImageEffects":true,"showParticleSystems":true},"in2DMode":false,"pivot":{"x":-924.163818359375,"y":45.243038177490237,"z":154.13307189941407},"rotation":{"x":0.23803231120109559,"y":-0.1494968831539154,"z":0.04018197953701019,"w":0.9597196578979492},"size":105.74797058105469,"orthographic":false}