{"cameraMode":{"drawMode":0,"name":"Shaded","section":"Shading Mode"},"sceneLighting":false,"audioPlay":false,"sceneViewState":{"showFog":true,"showMaterialUpdate":false,"showSkybox":true,"showFlares":true,"showImageEffects":true,"showParticleSystems":true},"in2DMode":false,"pivot":{"x":-817.1947021484375,"y":6.109973907470703,"z":167.90371704101563},"rotation":{"x":0.22159530222415925,"y":0.19032685458660127,"z":-0.040929485112428668,"w":0.9563899040222168},"size":6.713818550109863,"orthographic":false}