{"cameraMode":{"drawMode":0,"name":"Shaded","section":"Shading Mode"},"sceneLighting":true,"audioPlay":false,"sceneViewState":{"showFog":true,"showMaterialUpdate":false,"showSkybox":true,"showFlares":true,"showImageEffects":true,"showParticleSystems":true},"in2DMode":false,"pivot":{"x":-1297.4202880859375,"y":62.41826248168945,"z":84.61665344238281},"rotation":{"x":0.34886953234672549,"y":-0.13280776143074037,"z":0.05237876996397972,"w":0.9269323945045471},"size":7.981360912322998,"orthographic":false}