{"cameraMode":{"drawMode":0,"name":"Shaded","section":"Shading Mode"},"sceneLighting":false,"audioPlay":false,"sceneViewState":{"showFog":true,"showMaterialUpdate":false,"showSkybox":true,"showFlares":true,"showImageEffects":true,"showParticleSystems":true},"in2DMode":false,"pivot":{"x":-1109.6002197265625,"y":24.54973602294922,"z":198.962890625},"rotation":{"x":-0.04274863749742508,"y":0.6863011717796326,"z":-0.03993437439203262,"w":-0.7259220480918884},"size":29.360727310180665,"orthographic":false}