{"cameraMode":{"drawMode":0,"name":"Shaded","section":"Shading Mode"},"sceneLighting":false,"audioPlay":false,"sceneViewState":{"showFog":true,"showMaterialUpdate":false,"showSkybox":true,"showFlares":true,"showImageEffects":true,"showParticleSystems":true},"in2DMode":false,"pivot":{"x":-1030.7742919921875,"y":5.132006645202637,"z":330.51904296875},"rotation":{"x":0.11396905034780503,"y":0.40120092034339907,"z":-0.05099122226238251,"w":0.9082366824150086},"size":25.083919525146486,"orthographic":false}