{"cameraMode":{"drawMode":0,"name":"Shaded","section":"Shading Mode"},"sceneLighting":false,"audioPlay":false,"sceneViewState":{"showFog":true,"showMaterialUpdate":false,"showSkybox":true,"showFlares":true,"showImageEffects":true,"showParticleSystems":true},"in2DMode":false,"pivot":{"x":-951.769775390625,"y":-0.05100250244140625,"z":271.50592041015627},"rotation":{"x":-0.5293309092521668,"y":-0.4241763651371002,"z":0.34279030561447146,"w":-0.6513898372650147},"size":57.483333587646487,"orthographic":false}