{"cameraMode":{"drawMode":0,"name":"Shaded","section":"Shading Mode"},"sceneLighting":true,"audioPlay":false,"sceneViewState":{"showFog":true,"showMaterialUpdate":false,"showSkybox":true,"showFlares":true,"showImageEffects":true,"showParticleSystems":true},"in2DMode":false,"pivot":{"x":-1161.0665283203125,"y":7.392955780029297,"z":310.0415344238281},"rotation":{"x":-0.43809494376182558,"y":0.50856614112854,"z":-0.3415641188621521,"w":-0.6587252020835877},"size":10.393805503845215,"orthographic":false}