{"cameraMode":{"drawMode":0,"name":"Shaded","section":"Shading Mode"},"sceneLighting":false,"audioPlay":false,"sceneViewState":{"showFog":true,"showMaterialUpdate":false,"showSkybox":true,"showFlares":true,"showImageEffects":true,"showParticleSystems":true},"in2DMode":false,"pivot":{"x":-1077.16357421875,"y":21.303226470947267,"z":237.18182373046876},"rotation":{"x":0.07552286237478256,"y":0.892923891544342,"z":-0.41824299097061159,"w":0.15388080477714539},"size":75.14833068847656,"orthographic":false}