{"cameraMode":{"drawMode":0,"name":"Shaded","section":"Shading Mode"},"sceneLighting":true,"audioPlay":false,"sceneViewState":{"showFog":true,"showMaterialUpdate":false,"showSkybox":true,"showFlares":true,"showImageEffects":true,"showParticleSystems":true},"in2DMode":false,"pivot":{"x":-1361.768798828125,"y":308.9666748046875,"z":16.368322372436525},"rotation":{"x":-0.38311392068862917,"y":-0.6139618158340454,"z":0.4927714169025421,"w":-0.48391854763031008},"size":30.601425170898439,"orthographic":false}