{"cameraMode":{"drawMode":0,"name":"Shaded","section":"Shading Mode"},"sceneLighting":true,"audioPlay":false,"sceneViewState":{"showFog":true,"showMaterialUpdate":false,"showSkybox":true,"showFlares":true,"showImageEffects":true,"showParticleSystems":true},"in2DMode":false,"pivot":{"x":-1098.046142578125,"y":-69.95748138427735,"z":90.01582336425781},"rotation":{"x":0.3728046119213104,"y":0.5551747679710388,"z":-0.3035888671875,"w":0.6793849468231201},"size":79.12298583984375,"orthographic":false}