{"cameraMode":{"drawMode":0,"name":"Shaded","section":"Shading Mode"},"sceneLighting":true,"audioPlay":false,"sceneViewState":{"showFog":true,"showMaterialUpdate":false,"showSkybox":true,"showFlares":true,"showImageEffects":true,"showParticleSystems":true},"in2DMode":false,"pivot":{"x":-1067.44873046875,"y":-0.06869316101074219,"z":106.63294219970703},"rotation":{"x":0.34886953234672549,"y":-0.13280776143074037,"z":0.05237876996397972,"w":0.9269323945045471},"size":8.467018127441407,"orthographic":false}