{"cameraMode":{"drawMode":0,"name":"Shaded","section":"Shading Mode"},"sceneLighting":false,"audioPlay":false,"sceneViewState":{"showFog":true,"showMaterialUpdate":false,"showSkybox":false,"showFlares":true,"showImageEffects":true,"showParticleSystems":true},"in2DMode":false,"pivot":{"x":-1097.5,"y":6.840000152587891,"z":82.80000305175781},"rotation":{"x":0.3191738426685333,"y":-0.4260723292827606,"z":0.16373875737190247,"w":0.830534040927887},"size":0.8143031001091003,"orthographic":false}