{"cameraMode":{"drawMode":0,"name":"Shaded","section":"Shading Mode"},"sceneLighting":true,"audioPlay":false,"sceneViewState":{"showFog":true,"showMaterialUpdate":false,"showSkybox":true,"showFlares":true,"showImageEffects":true,"showParticleSystems":true},"in2DMode":false,"pivot":{"x":-825.0094604492188,"y":7.422142028808594,"z":127.57032012939453},"rotation":{"x":0.04211965575814247,"y":-0.17988482117652894,"z":0.009853171184659005,"w":0.9833987951278687},"size":10.0,"orthographic":false}