{"cameraMode":{"drawMode":0,"name":"Shaded","section":"Shading Mode"},"sceneLighting":true,"audioPlay":false,"sceneViewState":{"showFog":true,"showMaterialUpdate":false,"showSkybox":true,"showFlares":true,"showImageEffects":true,"showParticleSystems":true},"in2DMode":false,"pivot":{"x":-856.199951171875,"y":16.300003051757814,"z":111.79998779296875},"rotation":{"x":0.6164844036102295,"y":0.11047524213790894,"z":-0.08790021389722824,"w":0.7754555940628052},"size":121.2435531616211,"orthographic":false}