{"cameraMode":{"drawMode":0,"name":"Shaded","section":"Shading Mode"},"sceneLighting":false,"audioPlay":false,"sceneViewState":{"showFog":true,"showMaterialUpdate":false,"showSkybox":true,"showFlares":true,"showImageEffects":true,"showParticleSystems":true},"in2DMode":false,"pivot":{"x":-971.563232421875,"y":19.284282684326173,"z":287.3714904785156},"rotation":{"x":-0.12902773916721345,"y":-0.5661725401878357,"z":0.09040269255638123,"w":-0.8099683523178101},"size":83.5382080078125,"orthographic":false}