{"cameraMode":{"drawMode":0,"name":"Shaded","section":"Shading Mode"},"sceneLighting":true,"audioPlay":false,"sceneViewState":{"showFog":true,"showMaterialUpdate":false,"showSkybox":true,"showFlares":true,"showImageEffects":true,"showParticleSystems":true},"in2DMode":false,"pivot":{"x":-1093.442138671875,"y":-104.4935302734375,"z":204.836181640625},"rotation":{"x":0.37944474816322329,"y":0.05105811357498169,"z":-0.021760327741503717,"w":0.9240264892578125},"size":98.44139099121094,"orthographic":false}