{"cameraMode":{"drawMode":0,"name":"Shaded","section":"Shading Mode"},"sceneLighting":true,"audioPlay":false,"sceneViewState":{"showFog":true,"showMaterialUpdate":false,"showSkybox":true,"showFlares":true,"showImageEffects":true,"showParticleSystems":true},"in2DMode":false,"pivot":{"x":888.4546508789063,"y":483.0917663574219,"z":22.51019287109375},"rotation":{"x":-0.0033852842170745136,"y":0.03313135355710983,"z":0.002830511424690485,"w":-0.999803900718689},"size":447.7891540527344,"orthographic":false}