{"cameraMode":{"drawMode":0,"name":"Shaded","section":"Shading Mode"},"sceneLighting":false,"audioPlay":false,"sceneViewState":{"showFog":true,"showMaterialUpdate":false,"showSkybox":true,"showFlares":true,"showImageEffects":true,"showParticleSystems":true},"in2DMode":false,"pivot":{"x":-1384.8087158203125,"y":210.8612823486328,"z":-8.054313659667969},"rotation":{"x":-0.010605650022625924,"y":0.9841504693031311,"z":-0.0778948962688446,"w":-0.16487130522727967},"size":123.94654083251953,"orthographic":false}