{"cameraMode":{"drawMode":0,"name":"Shaded","section":"Shading Mode"},"sceneLighting":true,"audioPlay":false,"sceneViewState":{"showFog":true,"showMaterialUpdate":false,"showSkybox":true,"showFlares":true,"showImageEffects":true,"showParticleSystems":true},"in2DMode":false,"pivot":{"x":-1142.1470947265625,"y":35.04311752319336,"z":207.03118896484376},"rotation":{"x":-0.016356155276298524,"y":0.6587860584259033,"z":-0.01639202982187271,"w":-0.7527390122413635},"size":42.60850524902344,"orthographic":false}