{"cameraMode":{"drawMode":0,"name":"Shaded","section":"Shading Mode"},"sceneLighting":false,"audioPlay":false,"sceneViewState":{"showFog":true,"showMaterialUpdate":false,"showSkybox":true,"showFlares":true,"showImageEffects":true,"showParticleSystems":true},"in2DMode":false,"pivot":{"x":-1050.716064453125,"y":9.509109497070313,"z":182.16815185546876},"rotation":{"x":0.009092428721487522,"y":0.7544844746589661,"z":-0.00759122334420681,"w":0.6570226550102234},"size":12.964192390441895,"orthographic":false}