{"cameraMode":{"drawMode":0,"name":"Shaded","section":"Shading Mode"},"sceneLighting":true,"audioPlay":false,"sceneViewState":{"showFog":true,"showMaterialUpdate":false,"showSkybox":true,"showFlares":true,"showImageEffects":true,"showParticleSystems":true},"in2DMode":false,"pivot":{"x":-391.1007080078125,"y":-441.7962646484375,"z":-706.7528686523438},"rotation":{"x":-0.03803994506597519,"y":-0.9600738883018494,"z":0.2242886871099472,"w":-0.16283148527145387},"size":688.3492431640625,"orthographic":false}