{"cameraMode":{"drawMode":0,"name":"Shaded","section":"Shading Mode"},"sceneLighting":false,"audioPlay":false,"sceneViewState":{"showFog":true,"showMaterialUpdate":false,"showSkybox":true,"showFlares":true,"showImageEffects":true,"showParticleSystems":true},"in2DMode":false,"pivot":{"x":-970.25830078125,"y":41.10758972167969,"z":243.92984008789063},"rotation":{"x":-0.34538379311561587,"y":0.42984557151794436,"z":-0.18275980651378632,"w":-0.8140957951545715},"size":174.09788513183595,"orthographic":false}