{"cameraMode":{"drawMode":0,"name":"Shaded","section":"Shading Mode"},"sceneLighting":true,"audioPlay":false,"sceneViewState":{"showFog":true,"showMaterialUpdate":false,"showSkybox":true,"showFlares":true,"showImageEffects":true,"showParticleSystems":true},"in2DMode":false,"pivot":{"x":-988.2665405273438,"y":54.069820404052737,"z":166.12586975097657},"rotation":{"x":-0.04402100667357445,"y":-0.7134965062141419,"z":-0.045010171830654147,"w":0.697827935218811},"size":27.50764274597168,"orthographic":false}