{"cameraMode":{"drawMode":0,"name":"Shaded","section":"Shading Mode"},"sceneLighting":false,"audioPlay":false,"sceneViewState":{"showFog":true,"showMaterialUpdate":false,"showSkybox":true,"showFlares":true,"showImageEffects":true,"showParticleSystems":true},"in2DMode":false,"pivot":{"x":-832.4638671875,"y":59.05769348144531,"z":121.44934844970703},"rotation":{"x":0.06063632294535637,"y":0.605124294757843,"z":-0.04556574672460556,"w":0.7926693558692932},"size":89.32068634033203,"orthographic":false}