{"cameraMode":{"drawMode":0,"name":"Shaded","section":"Shading Mode"},"sceneLighting":false,"audioPlay":false,"sceneViewState":{"showFog":true,"showMaterialUpdate":false,"showSkybox":true,"showFlares":true,"showImageEffects":true,"showParticleSystems":true},"in2DMode":false,"pivot":{"x":-1305.0,"y":58.65999984741211,"z":87.0999984741211},"rotation":{"x":-0.04889153316617012,"y":0.0074125733226537708,"z":-0.0006808426114730537,"w":-0.9988836646080017},"size":3.99285888671875,"orthographic":false}