{"cameraMode":{"drawMode":0,"name":"Shaded","section":"Shading Mode"},"sceneLighting":true,"audioPlay":false,"sceneViewState":{"showFog":true,"showMaterialUpdate":false,"showSkybox":true,"showFlares":true,"showImageEffects":true,"showParticleSystems":true},"in2DMode":false,"pivot":{"x":-1101.6422119140625,"y":9.639229774475098,"z":235.8246307373047},"rotation":{"x":-0.24792830646038056,"y":0.002116890624165535,"z":-0.0010608718730509282,"w":-0.9689119458198547},"size":130.47882080078126,"orthographic":false}