{"cameraMode":{"drawMode":0,"name":"Shaded","section":"Shading Mode"},"sceneLighting":false,"audioPlay":false,"sceneViewState":{"showFog":false,"showMaterialUpdate":false,"showSkybox":false,"showFlares":false,"showImageEffects":false,"showParticleSystems":false},"in2DMode":false,"pivot":{"x":-1174.8123779296875,"y":31.52874755859375,"z":103.88411712646485},"rotation":{"x":-0.4426001310348511,"y":-0.32092878222465517,"z":0.18050549924373628,"w":-0.8204584121704102},"size":225.5449676513672,"orthographic":false}