{"cameraMode":{"drawMode":0,"name":"Shaded","section":"Shading Mode"},"sceneLighting":true,"audioPlay":false,"sceneViewState":{"showFog":false,"showMaterialUpdate":false,"showSkybox":false,"showFlares":false,"showImageEffects":false,"showParticleSystems":false},"in2DMode":false,"pivot":{"x":-1057.90673828125,"y":67.46649169921875,"z":215.9824981689453},"rotation":{"x":0.6834003329277039,"y":0.002182540949434042,"z":-0.002057034522294998,"w":0.7300602197647095},"size":247.2613983154297,"orthographic":false}