{"cameraMode":{"drawMode":0,"name":"Shaded","section":"Shading Mode"},"sceneLighting":false,"audioPlay":false,"sceneViewState":{"showFog":false,"showMaterialUpdate":false,"showSkybox":false,"showFlares":false,"showImageEffects":false,"showParticleSystems":false},"in2DMode":false,"pivot":{"x":-1130.543701171875,"y":167.69854736328126,"z":66.0920181274414},"rotation":{"x":-0.2539389133453369,"y":0.6897909045219421,"z":-0.3223927915096283,"w":-0.6012967228889465},"size":56.2513313293457,"orthographic":false}