{"cameraMode":{"drawMode":0,"name":"Shaded","section":"Shading Mode"},"sceneLighting":false,"audioPlay":false,"sceneViewState":{"showFog":false,"showMaterialUpdate":false,"showSkybox":false,"showFlares":false,"showImageEffects":false,"showParticleSystems":false},"in2DMode":false,"pivot":{"x":-1119.9791259765625,"y":-59.3941764831543,"z":258.29388427734377},"rotation":{"x":0.35285428166389468,"y":-0.00012393629003781825,"z":0.00016044850053731352,"w":0.9357438087463379},"size":211.83192443847657,"orthographic":false}