{"cameraMode":{"drawMode":0,"name":"Shaded","section":"Shading Mode"},"sceneLighting":true,"audioPlay":false,"sceneViewState":{"showFog":false,"showMaterialUpdate":false,"showSkybox":false,"showFlares":false,"showImageEffects":false,"showParticleSystems":false},"in2DMode":false,"pivot":{"x":-993.4243774414063,"y":49.913848876953128,"z":240.72442626953126},"rotation":{"x":-0.41249340772628786,"y":-0.10454811900854111,"z":0.042802054435014728,"w":-0.9064045548439026},"size":102.46520233154297,"orthographic":false}