{"cameraMode":{"drawMode":0,"name":"Shaded","section":"Shading Mode"},"sceneLighting":false,"audioPlay":false,"sceneViewState":{"showFog":false,"showMaterialUpdate":false,"showSkybox":false,"showFlares":false,"showImageEffects":false,"showParticleSystems":false},"in2DMode":false,"pivot":{"x":-1313.5224609375,"y":45.48099899291992,"z":90.81690979003906},"rotation":{"x":-0.2860606610774994,"y":0.5323436856269836,"z":-0.21714988350868226,"w":-0.7702042460441589},"size":11.35029411315918,"orthographic":false}