{"cameraMode":{"drawMode":0,"name":"Shaded","section":"Shading Mode"},"sceneLighting":false,"audioPlay":false,"sceneViewState":{"showFog":true,"showMaterialUpdate":false,"showSkybox":true,"showFlares":true,"showImageEffects":true,"showParticleSystems":true},"in2DMode":false,"pivot":{"x":-1797.337158203125,"y":282.0947570800781,"z":559.2300415039063},"rotation":{"x":-0.04042091593146324,"y":0.632642388343811,"z":-0.032993823289871219,"w":-0.7727447152137756},"size":1007.7741088867188,"orthographic":false}