{"cameraMode":{"drawMode":0,"name":"Shaded","section":"Shading Mode"},"sceneLighting":true,"audioPlay":false,"sceneViewState":{"showFog":false,"showMaterialUpdate":false,"showSkybox":false,"showFlares":false,"showImageEffects":false,"showParticleSystems":false},"in2DMode":false,"pivot":{"x":-1313.6417236328125,"y":230.3896026611328,"z":219.81216430664063},"rotation":{"x":-0.09754355996847153,"y":-0.04685453325510025,"z":0.0045862761326134209,"w":-0.9941890835762024},"size":95.51190948486328,"orthographic":false}