{"cameraMode":{"drawMode":0,"name":"Shaded","section":"Shading Mode"},"sceneLighting":false,"audioPlay":false,"sceneViewState":{"showFog":true,"showMaterialUpdate":false,"showSkybox":false,"showFlares":true,"showImageEffects":true,"showParticleSystems":true},"in2DMode":false,"pivot":{"x":-61.92088317871094,"y":-44.45077133178711,"z":-25.216642379760743},"rotation":{"x":0.041030608117580417,"y":0.9569631814956665,"z":-0.16820301115512849,"w":0.2331978678703308},"size":60.653160095214847,"orthographic":false}