{"cameraMode":{"drawMode":0,"name":"Shaded","section":"Shading Mode"},"sceneLighting":true,"audioPlay":false,"sceneViewState":{"showFog":false,"showMaterialUpdate":false,"showSkybox":false,"showFlares":false,"showImageEffects":false,"showParticleSystems":false},"in2DMode":false,"pivot":{"x":-977.6553344726563,"y":-23.622039794921876,"z":111.11817932128906},"rotation":{"x":0.4113388657569885,"y":-0.12575437128543855,"z":0.03622223064303398,"w":0.9040520787239075},"size":223.87986755371095,"orthographic":false}