{"cameraMode":{"drawMode":0,"name":"Shaded","section":"Shading Mode"},"sceneLighting":true,"audioPlay":false,"sceneViewState":{"showFog":false,"showMaterialUpdate":false,"showSkybox":false,"showFlares":false,"showImageEffects":false,"showParticleSystems":false},"in2DMode":false,"pivot":{"x":-1261.906005859375,"y":211.63894653320313,"z":-17.81871223449707},"rotation":{"x":0.06083150580525398,"y":0.9356961846351624,"z":-0.20309945940971375,"w":0.28262656927108767},"size":67.56341552734375,"orthographic":false}