{"cameraMode":{"drawMode":0,"name":"Shaded","section":"Shading Mode"},"sceneLighting":true,"audioPlay":false,"sceneViewState":{"showFog":false,"showMaterialUpdate":false,"showSkybox":false,"showFlares":false,"showImageEffects":false,"showParticleSystems":false},"in2DMode":false,"pivot":{"x":-1091.2957763671875,"y":-13.230643272399903,"z":161.58412170410157},"rotation":{"x":0.29760000109672549,"y":-0.5004518628120422,"z":0.21124579012393952,"w":0.7882295846939087},"size":43.16119384765625,"orthographic":false}