{"cameraMode":{"drawMode":0,"name":"Shaded","section":"Shading Mode"},"sceneLighting":true,"audioPlay":false,"sceneViewState":{"showFog":false,"showMaterialUpdate":false,"showSkybox":false,"showFlares":false,"showImageEffects":false,"showParticleSystems":false},"in2DMode":false,"pivot":{"x":-1152.779541015625,"y":-71.8740463256836,"z":170.55055236816407},"rotation":{"x":-0.2734649181365967,"y":0.22031699120998383,"z":-0.08167602866888046,"w":-0.9354098439216614},"size":113.10940551757813,"orthographic":false}