{"cameraMode":{"drawMode":0,"name":"Shaded","section":"Shading Mode"},"sceneLighting":false,"audioPlay":false,"sceneViewState":{"showFog":true,"showMaterialUpdate":false,"showSkybox":true,"showFlares":true,"showImageEffects":true,"showParticleSystems":true},"in2DMode":false,"pivot":{"x":-1223.0574951171875,"y":8.252086639404297,"z":90.26508331298828},"rotation":{"x":-0.18761688470840455,"y":0.27017539739608767,"z":-0.05418916046619415,"w":-0.943070650100708},"size":13.686487197875977,"orthographic":false}