{"cameraMode":{"drawMode":0,"name":"Shaded","section":"Shading Mode"},"sceneLighting":false,"audioPlay":false,"sceneViewState":{"showFog":false,"showMaterialUpdate":false,"showSkybox":false,"showFlares":false,"showImageEffects":false,"showParticleSystems":false},"in2DMode":false,"pivot":{"x":-1204.441650390625,"y":0.5583187341690064,"z":271.5372619628906},"rotation":{"x":-0.1819458305835724,"y":0.7473301887512207,"z":-0.22776013612747193,"w":-0.5971315503120422},"size":8.105489730834961,"orthographic":false}