{"cameraMode":{"drawMode":0,"name":"Shaded","section":"Shading Mode"},"sceneLighting":true,"audioPlay":false,"sceneViewState":{"showFog":false,"showMaterialUpdate":false,"showSkybox":false,"showFlares":false,"showImageEffects":false,"showParticleSystems":false},"in2DMode":false,"pivot":{"x":-829.65283203125,"y":3.720266819000244,"z":153.76751708984376},"rotation":{"x":0.13388149440288545,"y":-0.632697343826294,"z":0.11257124692201615,"w":0.7545542120933533},"size":5.107395172119141,"orthographic":false}