{"cameraMode":{"drawMode":0,"name":"Shaded","section":"Shading Mode"},"sceneLighting":true,"audioPlay":false,"sceneViewState":{"showFog":false,"showMaterialUpdate":false,"showSkybox":false,"showFlares":false,"showImageEffects":false,"showParticleSystems":false},"in2DMode":false,"pivot":{"x":-1119.2489013671875,"y":155.04946899414063,"z":144.03334045410157},"rotation":{"x":0.055642902851104739,"y":0.9162044525146484,"z":-0.13775824010372163,"w":0.37263578176498415},"size":230.24913024902345,"orthographic":false}