{"cameraMode":{"drawMode":0,"name":"Shaded","section":"Shading Mode"},"sceneLighting":false,"audioPlay":false,"sceneViewState":{"showFog":false,"showMaterialUpdate":false,"showSkybox":false,"showFlares":false,"showImageEffects":false,"showParticleSystems":false},"in2DMode":false,"pivot":{"x":-904.5826416015625,"y":45.51263427734375,"z":182.341552734375},"rotation":{"x":0.3126652240753174,"y":0.005699563771486282,"z":-0.0018737370846793056,"w":0.9498531818389893},"size":3.983696222305298,"orthographic":false}