{"cameraMode":{"drawMode":0,"name":"Shaded","section":"Shading Mode"},"sceneLighting":true,"audioPlay":false,"sceneViewState":{"showFog":false,"showMaterialUpdate":false,"showSkybox":false,"showFlares":false,"showImageEffects":false,"showParticleSystems":false},"in2DMode":false,"pivot":{"x":-1168.707275390625,"y":3.813262939453125,"z":301.8117980957031},"rotation":{"x":-0.5140966773033142,"y":0.02574174664914608,"z":-0.020400866866111757,"w":-0.8596888184547424},"size":40.970680236816409,"orthographic":false}