{"cameraMode":{"drawMode":0,"name":"Shaded","section":"Shading Mode"},"sceneLighting":true,"audioPlay":false,"sceneViewState":{"showFog":false,"showMaterialUpdate":false,"showSkybox":false,"showFlares":false,"showImageEffects":false,"showParticleSystems":false},"in2DMode":false,"pivot":{"x":-1074.8536376953125,"y":16.11895751953125,"z":461.39312744140627},"rotation":{"x":-0.3950166702270508,"y":0.10026255249977112,"z":-0.06044822558760643,"w":-0.9139124751091003},"size":372.8262023925781,"orthographic":false}