{"cameraMode":{"drawMode":0,"name":"Shaded","section":"Shading Mode"},"sceneLighting":true,"audioPlay":false,"sceneViewState":{"showFog":false,"showMaterialUpdate":false,"showSkybox":false,"showFlares":false,"showImageEffects":false,"showParticleSystems":false},"in2DMode":false,"pivot":{"x":-922.42578125,"y":-35.136871337890628,"z":246.27764892578126},"rotation":{"x":-0.5650311708450317,"y":-0.004492735490202904,"z":-0.01894131489098072,"w":-0.8277620673179627},"size":173.36831665039063,"orthographic":false}