{"cameraMode":{"drawMode":0,"name":"Shaded","section":"Shading Mode"},"sceneLighting":true,"audioPlay":false,"sceneViewState":{"showFog":false,"showMaterialUpdate":false,"showSkybox":false,"showFlares":false,"showImageEffects":false,"showParticleSystems":false},"in2DMode":false,"pivot":{"x":-906.9109497070313,"y":41.63127517700195,"z":190.5082244873047},"rotation":{"x":-0.1828361451625824,"y":0.06077105551958084,"z":-0.007229149807244539,"w":-0.9832146167755127},"size":7.938195705413818,"orthographic":false}