{"cameraMode":{"drawMode":0,"name":"Shaded","section":"Shading Mode"},"sceneLighting":true,"audioPlay":false,"sceneViewState":{"showFog":false,"showMaterialUpdate":false,"showSkybox":false,"showFlares":false,"showImageEffects":false,"showParticleSystems":false},"in2DMode":false,"pivot":{"x":-792.6098022460938,"y":-178.0863037109375,"z":248.6009063720703},"rotation":{"x":0.17097125947475434,"y":0.7707239985466003,"z":-0.23183444142341615,"w":0.5683563351631165},"size":872.470703125,"orthographic":false}