{"cameraMode":{"drawMode":0,"name":"Shaded","section":"Shading Mode"},"sceneLighting":true,"audioPlay":false,"sceneViewState":{"showFog":false,"showMaterialUpdate":false,"showSkybox":false,"showFlares":false,"showImageEffects":false,"showParticleSystems":false},"in2DMode":false,"pivot":{"x":-1298.11376953125,"y":227.49806213378907,"z":354.2934875488281},"rotation":{"x":-0.06095780059695244,"y":0.930523157119751,"z":-0.3145637810230255,"w":-0.17857348918914796},"size":22.190187454223634,"orthographic":false}