{"cameraMode":{"drawMode":0,"name":"Shaded","section":"Shading Mode"},"sceneLighting":false,"audioPlay":false,"sceneViewState":{"showFog":false,"showMaterialUpdate":false,"showSkybox":false,"showFlares":false,"showImageEffects":false,"showParticleSystems":false},"in2DMode":false,"pivot":{"x":-1175.255859375,"y":28.374984741210939,"z":293.2186584472656},"rotation":{"x":0.6903750896453857,"y":0.0010865182848647237,"z":-0.001033672713674605,"w":0.7234612703323364},"size":28.39504623413086,"orthographic":false}