{"cameraMode":{"drawMode":0,"name":"Shaded","section":"Shading Mode"},"sceneLighting":true,"audioPlay":false,"sceneViewState":{"showFog":true,"showMaterialUpdate":false,"showSkybox":true,"showFlares":true,"showImageEffects":true,"showParticleSystems":true},"in2DMode":false,"pivot":{"x":-979.934326171875,"y":-18.989158630371095,"z":259.279052734375},"rotation":{"x":0.4145125448703766,"y":0.5847720503807068,"z":-0.5082017183303833,"w":0.4775830805301666},"size":97.05436706542969,"orthographic":false}