{"cameraMode":{"drawMode":0,"name":"Shaded","section":"Shading Mode"},"sceneLighting":true,"audioPlay":false,"sceneViewState":{"showFog":true,"showMaterialUpdate":false,"showSkybox":true,"showFlares":true,"showImageEffects":true,"showParticleSystems":true},"in2DMode":false,"pivot":{"x":-1040.513671875,"y":-201.99497985839845,"z":160.6999053955078},"rotation":{"x":-0.3485652506351471,"y":0.592346727848053,"z":-0.31659018993377688,"w":-0.6540161967277527},"size":274.22174072265627,"orthographic":false}