{"cameraMode":{"drawMode":0,"name":"Shaded","section":"Shading Mode"},"sceneLighting":true,"audioPlay":false,"sceneViewState":{"showFog":false,"showMaterialUpdate":false,"showSkybox":false,"showFlares":false,"showImageEffects":false,"showParticleSystems":false},"in2DMode":false,"pivot":{"x":-1096.006103515625,"y":14.971186637878418,"z":275.9524230957031},"rotation":{"x":0.1694418340921402,"y":-0.733695387840271,"z":0.22878660261631013,"w":0.6212878227233887},"size":65.10359954833985,"orthographic":false}