{"cameraMode":{"drawMode":0,"name":"Shaded","section":"Shading Mode"},"sceneLighting":false,"audioPlay":false,"sceneViewState":{"showFog":false,"showMaterialUpdate":false,"showSkybox":false,"showFlares":false,"showImageEffects":false,"showParticleSystems":false},"in2DMode":false,"pivot":{"x":-904.8936767578125,"y":47.27480697631836,"z":180.603759765625},"rotation":{"x":0.2303173691034317,"y":-0.02772941067814827,"z":0.006565819028764963,"w":0.9726982116699219},"size":58.74848937988281,"orthographic":false}