{"cameraMode":{"drawMode":0,"name":"Shaded","section":"Shading Mode"},"sceneLighting":true,"audioPlay":false,"sceneViewState":{"showFog":false,"showMaterialUpdate":false,"showSkybox":false,"showFlares":false,"showImageEffects":false,"showParticleSystems":false},"in2DMode":false,"pivot":{"x":-814.900390625,"y":-33.402191162109378,"z":-127.38629150390625},"rotation":{"x":0.038877297192811969,"y":0.9518529772758484,"z":-0.30361124873161318,"w":0.07564416527748108},"size":348.87664794921877,"orthographic":false}