{"cameraMode":{"drawMode":0,"name":"Shaded","section":"Shading Mode"},"sceneLighting":false,"audioPlay":false,"sceneViewState":{"showFog":true,"showMaterialUpdate":false,"showSkybox":true,"showFlares":true,"showImageEffects":true,"showParticleSystems":true},"in2DMode":false,"pivot":{"x":-903.2474365234375,"y":49.78175354003906,"z":172.17337036132813},"rotation":{"x":-0.22096598148345948,"y":-0.016450054943561555,"z":0.0025392211973667146,"w":-0.9761059284210205},"size":7.586129188537598,"orthographic":false}