{"cameraMode":{"drawMode":0,"name":"Shaded","section":"Shading Mode"},"sceneLighting":false,"audioPlay":false,"sceneViewState":{"showFog":false,"showMaterialUpdate":false,"showSkybox":false,"showFlares":false,"showImageEffects":false,"showParticleSystems":false},"in2DMode":false,"pivot":{"x":-1158.452392578125,"y":-148.53579711914063,"z":299.8052062988281},"rotation":{"x":-0.2701190114021301,"y":0.6430595517158508,"z":-0.24522101879119874,"w":-0.676230251789093},"size":183.5697784423828,"orthographic":false}