{"cameraMode":{"drawMode":0,"name":"Shaded","section":"Shading Mode"},"sceneLighting":true,"audioPlay":false,"sceneViewState":{"showFog":false,"showMaterialUpdate":false,"showSkybox":false,"showFlares":false,"showImageEffects":false,"showParticleSystems":false},"in2DMode":false,"pivot":{"x":-1089.0509033203125,"y":24.123653411865236,"z":141.63624572753907},"rotation":{"x":0.3093487322330475,"y":0.2727413475513458,"z":-0.09273092448711395,"w":0.9064027070999146},"size":43.807342529296878,"orthographic":false}