{"cameraMode":{"drawMode":0,"name":"Shaded","section":"Shading Mode"},"sceneLighting":false,"audioPlay":false,"sceneViewState":{"showFog":true,"showMaterialUpdate":false,"showSkybox":true,"showFlares":true,"showImageEffects":true,"showParticleSystems":true},"in2DMode":false,"pivot":{"x":-942.481201171875,"y":4.389630317687988,"z":299.2098388671875},"rotation":{"x":-0.17429660260677339,"y":-0.3211730122566223,"z":0.059617478400468829,"w":-0.9298775792121887},"size":31.135150909423829,"orthographic":false}