{"cameraMode":{"drawMode":0,"name":"Shaded","section":"Shading Mode"},"sceneLighting":true,"audioPlay":false,"sceneViewState":{"showFog":false,"showMaterialUpdate":false,"showSkybox":false,"showFlares":false,"showImageEffects":false,"showParticleSystems":false},"in2DMode":false,"pivot":{"x":-1300.836669921875,"y":61.60655212402344,"z":90.68009948730469},"rotation":{"x":-0.15164506435394288,"y":0.7645003199577332,"z":-0.22364291548728944,"w":-0.5898749828338623},"size":5.492857933044434,"orthographic":false}