{"cameraMode":{"drawMode":0,"name":"Shaded","section":"Shading Mode"},"sceneLighting":true,"audioPlay":false,"sceneViewState":{"showFog":false,"showMaterialUpdate":false,"showSkybox":false,"showFlares":false,"showImageEffects":false,"showParticleSystems":false},"in2DMode":false,"pivot":{"x":-1007.7106323242188,"y":-131.6827392578125,"z":347.0206298828125},"rotation":{"x":0.39934656023979189,"y":-0.2955605089664459,"z":0.16095955669879914,"w":0.8561109304428101},"size":228.5540008544922,"orthographic":false}