{"cameraMode":{"drawMode":0,"name":"Shaded","section":"Shading Mode"},"sceneLighting":true,"audioPlay":false,"sceneViewState":{"showFog":true,"showMaterialUpdate":false,"showSkybox":false,"showFlares":true,"showImageEffects":true,"showParticleSystems":true},"in2DMode":false,"pivot":{"x":-84.5999984741211,"y":153.512451171875,"z":48.97532272338867},"rotation":{"x":-0.3117356300354004,"y":0.062045592814683917,"z":-0.02077670395374298,"w":-0.9480800628662109},"size":12.12435531616211,"orthographic":false}