{"cameraMode":{"drawMode":0,"name":"Shaded","section":"Shading Mode"},"sceneLighting":true,"audioPlay":false,"sceneViewState":{"showFog":false,"showMaterialUpdate":false,"showSkybox":false,"showFlares":false,"showImageEffects":false,"showParticleSystems":false},"in2DMode":false,"pivot":{"x":-802.316162109375,"y":5.220001220703125,"z":206.1309814453125},"rotation":{"x":-0.42554718255996706,"y":0.23656298220157624,"z":-0.11137641966342926,"w":-0.8685389757156372},"size":5.63017463684082,"orthographic":false}