{"cameraMode":{"drawMode":0,"name":"Shaded","section":"Shading Mode"},"sceneLighting":false,"audioPlay":false,"sceneViewState":{"showFog":false,"showMaterialUpdate":false,"showSkybox":false,"showFlares":false,"showImageEffects":false,"showParticleSystems":false},"in2DMode":false,"pivot":{"x":949.5120849609375,"y":616.4456787109375,"z":37.02780532836914},"rotation":{"x":-0.011999912559986115,"y":0.005406342912465334,"z":-0.00008549438643967733,"w":-0.9999523758888245},"size":1106.8953857421875,"orthographic":false}