{"cameraMode":{"drawMode":0,"name":"Shaded","section":"Shading Mode"},"sceneLighting":false,"audioPlay":false,"sceneViewState":{"showFog":true,"showMaterialUpdate":false,"showSkybox":true,"showFlares":true,"showImageEffects":true,"showParticleSystems":true},"in2DMode":false,"pivot":{"x":-1067.800048828125,"y":0.008951559662818909,"z":16.799985885620118},"rotation":{"x":0.3310556411743164,"y":-0.5589925050735474,"z":0.26102420687675478,"w":0.7145611643791199},"size":3.4275195598602297,"orthographic":false}