{"cameraMode":{"drawMode":0,"name":"Shaded","section":"Shading Mode"},"sceneLighting":true,"audioPlay":false,"sceneViewState":{"showFog":true,"showMaterialUpdate":false,"showSkybox":true,"showFlares":true,"showImageEffects":true,"showParticleSystems":true},"in2DMode":false,"pivot":{"x":-1087.029296875,"y":5.957464218139648,"z":296.6979675292969},"rotation":{"x":0.2760322391986847,"y":-0.20040275156497956,"z":0.04462209716439247,"w":0.9407858848571777},"size":62.873348236083987,"orthographic":false}