{"cameraMode":{"drawMode":0,"name":"Shaded","section":"Shading Mode"},"sceneLighting":true,"audioPlay":false,"sceneViewState":{"showFog":false,"showMaterialUpdate":false,"showSkybox":false,"showFlares":false,"showImageEffects":false,"showParticleSystems":false},"in2DMode":false,"pivot":{"x":-1096.2803955078125,"y":-62.83618927001953,"z":283.1196594238281},"rotation":{"x":-0.4061868488788605,"y":0.5810850858688355,"z":-0.4122162461280823,"w":-0.5723448991775513},"size":55.3486442565918,"orthographic":false}