{"cameraMode":{"drawMode":0,"name":"Shaded","section":"Shading Mode"},"sceneLighting":true,"audioPlay":false,"sceneViewState":{"showFog":false,"showMaterialUpdate":false,"showSkybox":false,"showFlares":false,"showImageEffects":false,"showParticleSystems":false},"in2DMode":false,"pivot":{"x":-1070.111572265625,"y":-2.216365337371826,"z":262.5921325683594},"rotation":{"x":0.23823601007461549,"y":0.5223066806793213,"z":-0.12999868392944337,"w":0.811403751373291},"size":351.2610168457031,"orthographic":false}