{"cameraMode":{"drawMode":0,"name":"Shaded","section":"Shading Mode"},"sceneLighting":true,"audioPlay":false,"sceneViewState":{"showFog":false,"showMaterialUpdate":false,"showSkybox":false,"showFlares":false,"showImageEffects":false,"showParticleSystems":false},"in2DMode":false,"pivot":{"x":-1315.69775390625,"y":65.94123077392578,"z":83.646240234375},"rotation":{"x":0.06086546927690506,"y":0.9473892450332642,"z":0.16043730080127717,"w":-0.2806132435798645},"size":8.929422378540039,"orthographic":false}