{"cameraMode":{"drawMode":0,"name":"Shaded","section":"Shading Mode"},"sceneLighting":false,"audioPlay":false,"sceneViewState":{"showFog":true,"showMaterialUpdate":false,"showSkybox":true,"showFlares":true,"showImageEffects":true,"showParticleSystems":true},"in2DMode":false,"pivot":{"x":-1021.7262573242188,"y":-34.58064651489258,"z":281.89898681640627},"rotation":{"x":0.15006177127361298,"y":-0.8485928177833557,"z":0.38445332646369936,"w":0.33114156126976015},"size":339.743408203125,"orthographic":false}