{"cameraMode":{"drawMode":0,"name":"Shaded","section":"Shading Mode"},"sceneLighting":true,"audioPlay":false,"sceneViewState":{"showFog":false,"showMaterialUpdate":false,"showSkybox":false,"showFlares":false,"showImageEffects":false,"showParticleSystems":false},"in2DMode":false,"pivot":{"x":-892.4883422851563,"y":12.1346435546875,"z":178.90419006347657},"rotation":{"x":-0.19307835400104524,"y":-0.23517704010009767,"z":0.05498552694916725,"w":-0.9530426859855652},"size":57.02494812011719,"orthographic":false}