{"cameraMode":{"drawMode":0,"name":"Shaded","section":"Shading Mode"},"sceneLighting":true,"audioPlay":false,"sceneViewState":{"showFog":false,"showMaterialUpdate":false,"showSkybox":false,"showFlares":false,"showImageEffects":false,"showParticleSystems":false},"in2DMode":false,"pivot":{"x":-1300.836669921875,"y":61.60655212402344,"z":90.68009948730469},"rotation":{"x":-0.26428914070129397,"y":0.5233937501907349,"z":-0.195881187915802,"w":-0.7894717454910278},"size":3.992856979370117,"orthographic":false}