{"cameraMode":{"drawMode":0,"name":"Shaded","section":"Shading Mode"},"sceneLighting":true,"audioPlay":false,"sceneViewState":{"showFog":true,"showMaterialUpdate":false,"showSkybox":true,"showFlares":true,"showImageEffects":true,"showParticleSystems":true},"in2DMode":false,"pivot":{"x":-933.6075439453125,"y":140.8640594482422,"z":112.73080444335938},"rotation":{"x":-0.08499365299940109,"y":0.9137759208679199,"z":-0.30718210339546206,"w":-0.2528338134288788},"size":4.034548282623291,"orthographic":false}