{"cameraMode":{"drawMode":0,"name":"Shaded","section":"Shading Mode"},"sceneLighting":false,"audioPlay":false,"sceneViewState":{"showFog":false,"showMaterialUpdate":false,"showSkybox":false,"showFlares":false,"showImageEffects":false,"showParticleSystems":false},"in2DMode":false,"pivot":{"x":-1298.690673828125,"y":61.1723518371582,"z":92.04155731201172},"rotation":{"x":-0.09296488016843796,"y":0.18151333928108216,"z":-0.031193384900689126,"w":-0.9814194440841675},"size":0.5579346418380737,"orthographic":false}