{"cameraMode":{"drawMode":0,"name":"Shaded","section":"Shading Mode"},"sceneLighting":true,"audioPlay":false,"sceneViewState":{"showFog":false,"showMaterialUpdate":false,"showSkybox":false,"showFlares":false,"showImageEffects":false,"showParticleSystems":false},"in2DMode":false,"pivot":{"x":-1091.955078125,"y":38.83258819580078,"z":198.67523193359376},"rotation":{"x":-0.13426823914051057,"y":-0.35912302136421206,"z":-0.0524330735206604,"w":0.922408938407898},"size":31.377443313598634,"orthographic":false}