{"cameraMode":{"drawMode":0,"name":"Shaded","section":"Shading Mode"},"sceneLighting":true,"audioPlay":false,"sceneViewState":{"showFog":false,"showMaterialUpdate":false,"showSkybox":false,"showFlares":false,"showImageEffects":false,"showParticleSystems":false},"in2DMode":false,"pivot":{"x":-921.7159423828125,"y":-42.069480895996097,"z":114.72853088378906},"rotation":{"x":0.2664754390716553,"y":0.6526144742965698,"z":-0.24307361245155335,"w":0.6704201102256775},"size":141.34767150878907,"orthographic":false}