{"cameraMode":{"drawMode":0,"name":"Shaded","section":"Shading Mode"},"sceneLighting":false,"audioPlay":false,"sceneViewState":{"showFog":false,"showMaterialUpdate":false,"showSkybox":false,"showFlares":false,"showImageEffects":false,"showParticleSystems":false},"in2DMode":false,"pivot":{"x":-920.822998046875,"y":-61.45496368408203,"z":269.24090576171877},"rotation":{"x":0.24317559599876405,"y":-0.40029293298721316,"z":0.12442123144865036,"w":0.8777562379837036},"size":143.54080200195313,"orthographic":false}