{"cameraMode":{"drawMode":0,"name":"Shaded","section":"Shading Mode"},"sceneLighting":true,"audioPlay":false,"sceneViewState":{"showFog":false,"showMaterialUpdate":false,"showSkybox":false,"showFlares":false,"showImageEffects":false,"showParticleSystems":false},"in2DMode":false,"pivot":{"x":-1060.465576171875,"y":18.83108901977539,"z":209.4286346435547},"rotation":{"x":-0.4906788170337677,"y":-0.024340813979506494,"z":0.014643987640738488,"w":-0.8711282014846802},"size":285.0626220703125,"orthographic":false}