{"cameraMode":{"drawMode":0,"name":"Shaded","section":"Shading Mode"},"sceneLighting":true,"audioPlay":false,"sceneViewState":{"showFog":false,"showMaterialUpdate":false,"showSkybox":false,"showFlares":false,"showImageEffects":false,"showParticleSystems":false},"in2DMode":false,"pivot":{"x":-1098.010009765625,"y":20.714969635009767,"z":229.7594757080078},"rotation":{"x":0.11440613865852356,"y":-0.8495137095451355,"z":0.20707373321056367,"w":0.47189563512802126},"size":37.7266960144043,"orthographic":false}