{"cameraMode":{"drawMode":0,"name":"Shaded","section":"Shading Mode"},"sceneLighting":false,"audioPlay":false,"sceneViewState":{"showFog":false,"showMaterialUpdate":false,"showSkybox":false,"showFlares":false,"showImageEffects":false,"showParticleSystems":false},"in2DMode":false,"pivot":{"x":-1019.4313354492188,"y":0.19317626953125,"z":123.4532241821289},"rotation":{"x":-0.39808812737464907,"y":0.03819022327661514,"z":-0.01662411168217659,"w":-0.9164283871650696},"size":152.3587646484375,"orthographic":false}