{"cameraMode":{"drawMode":0,"name":"Shaded","section":"Shading Mode"},"sceneLighting":false,"audioPlay":false,"sceneViewState":{"showFog":true,"showMaterialUpdate":false,"showSkybox":true,"showFlares":true,"showImageEffects":true,"showParticleSystems":true},"in2DMode":false,"pivot":{"x":-903.888916015625,"y":57.3788948059082,"z":156.62503051757813},"rotation":{"x":-0.325928658246994,"y":0.020463429391384126,"z":0.008742756210267544,"w":-0.946988046169281},"size":3.4729886054992677,"orthographic":false}