{"cameraMode":{"drawMode":0,"name":"Shaded","section":"Shading Mode"},"sceneLighting":false,"audioPlay":false,"sceneViewState":{"showFog":false,"showMaterialUpdate":false,"showSkybox":false,"showFlares":false,"showImageEffects":false,"showParticleSystems":false},"in2DMode":false,"pivot":{"x":-1271.112060546875,"y":5.5308380126953129,"z":97.18669891357422},"rotation":{"x":-0.3242623209953308,"y":0.5901693105697632,"z":-0.3053012490272522,"w":-0.6775640249252319},"size":23.293678283691408,"orthographic":false}