{"cameraMode":{"drawMode":0,"name":"Shaded","section":"Shading Mode"},"sceneLighting":false,"audioPlay":false,"sceneViewState":{"showFog":true,"showMaterialUpdate":false,"showSkybox":true,"showFlares":true,"showImageEffects":true,"showParticleSystems":true},"in2DMode":false,"pivot":{"x":-825.3833618164063,"y":6.72585391998291,"z":125.97322082519531},"rotation":{"x":0.06593336164951325,"y":-0.34110522270202639,"z":0.02489418350160122,"w":0.9377996921539307},"size":9.993407249450684,"orthographic":false}