{"cameraMode":{"drawMode":0,"name":"Shaded","section":"Shading Mode"},"sceneLighting":false,"audioPlay":false,"sceneViewState":{"showFog":true,"showMaterialUpdate":false,"showSkybox":false,"showFlares":true,"showImageEffects":true,"showParticleSystems":true},"in2DMode":false,"pivot":{"x":-691.1295776367188,"y":81.29874420166016,"z":13.839599609375},"rotation":{"x":-0.007813740521669388,"y":-0.6877186298370361,"z":0.007019234821200371,"w":-0.7261931896209717},"size":200.4532012939453,"orthographic":false}