{"cameraMode":{"drawMode":0,"name":"Shaded","section":"Shading Mode"},"sceneLighting":true,"audioPlay":false,"sceneViewState":{"showFog":false,"showMaterialUpdate":false,"showSkybox":false,"showFlares":false,"showImageEffects":false,"showParticleSystems":false},"in2DMode":false,"pivot":{"x":-1294.3953857421875,"y":78.2756118774414,"z":186.4851531982422},"rotation":{"x":-0.2755601108074188,"y":0.23513241112232209,"z":-0.06524999439716339,"w":-0.9318475127220154},"size":121.6821517944336,"orthographic":false}