{"cameraMode":{"drawMode":0,"name":"Shaded","section":"Shading Mode"},"sceneLighting":false,"audioPlay":false,"sceneViewState":{"showFog":true,"showMaterialUpdate":false,"showSkybox":true,"showFlares":true,"showImageEffects":true,"showParticleSystems":true},"in2DMode":false,"pivot":{"x":-804.7838745117188,"y":165.46339416503907,"z":126.862060546875},"rotation":{"x":-0.4170827567577362,"y":0.2138105034828186,"z":-0.10187128186225891,"w":-0.877638578414917},"size":56.9832763671875,"orthographic":false}