{"cameraMode":{"drawMode":0,"name":"Shaded","section":"Shading Mode"},"sceneLighting":false,"audioPlay":false,"sceneViewState":{"showFog":false,"showMaterialUpdate":false,"showSkybox":false,"showFlares":false,"showImageEffects":false,"showParticleSystems":false},"in2DMode":false,"pivot":{"x":-1308.1842041015625,"y":170.76229858398438,"z":274.4844665527344},"rotation":{"x":-0.028313016518950464,"y":-0.9824079275131226,"z":0.18071913719177247,"w":-0.08335979282855988},"size":83.26636505126953,"orthographic":false}