{"cameraMode":{"drawMode":0,"name":"Shaded","section":"Shading Mode"},"sceneLighting":false,"audioPlay":false,"sceneViewState":{"showFog":false,"showMaterialUpdate":false,"showSkybox":false,"showFlares":false,"showImageEffects":false,"showParticleSystems":false},"in2DMode":false,"pivot":{"x":-1323.5350341796875,"y":238.84335327148438,"z":214.36297607421876},"rotation":{"x":0.014027976430952549,"y":0.9980134963989258,"z":-0.024064885452389718,"w":0.09215103834867478},"size":36.00448989868164,"orthographic":false}