{"cameraMode":{"drawMode":0,"name":"Shaded","section":"Shading Mode"},"sceneLighting":true,"audioPlay":false,"sceneViewState":{"showFog":false,"showMaterialUpdate":false,"showSkybox":false,"showFlares":false,"showImageEffects":false,"showParticleSystems":false},"in2DMode":false,"pivot":{"x":-1279.757568359375,"y":312.6300048828125,"z":171.86642456054688},"rotation":{"x":0.3357206881046295,"y":-0.60411536693573,"z":0.31171315908432009,"w":0.6522833108901978},"size":838.8526611328125,"orthographic":false}