{"cameraMode":{"drawMode":0,"name":"Shaded","section":"Shading Mode"},"sceneLighting":false,"audioPlay":false,"sceneViewState":{"showFog":true,"showMaterialUpdate":false,"showSkybox":false,"showFlares":true,"showImageEffects":true,"showParticleSystems":true},"in2DMode":false,"pivot":{"x":205.6531524658203,"y":10.733360290527344,"z":37.57127380371094},"rotation":{"x":-0.24724315106868745,"y":-0.4966038763523102,"z":0.15003733336925507,"w":-0.818393886089325},"size":3.031069755554199,"orthographic":false}