{"cameraMode":{"drawMode":0,"name":"Shaded","section":"Shading Mode"},"sceneLighting":true,"audioPlay":false,"sceneViewState":{"showFog":false,"showMaterialUpdate":false,"showSkybox":false,"showFlares":false,"showImageEffects":false,"showParticleSystems":false},"in2DMode":false,"pivot":{"x":-1095.466552734375,"y":13.596470832824707,"z":204.86239624023438},"rotation":{"x":-0.13376618921756745,"y":0.23919953405857087,"z":-0.033395394682884219,"w":-0.9612202048301697},"size":68.05547332763672,"orthographic":false}