{"cameraMode":{"drawMode":0,"name":"Shaded","section":"Shading Mode"},"sceneLighting":true,"audioPlay":false,"sceneViewState":{"showFog":false,"showMaterialUpdate":false,"showSkybox":false,"showFlares":false,"showImageEffects":false,"showParticleSystems":false},"in2DMode":false,"pivot":{"x":-1300.836669921875,"y":61.60655212402344,"z":90.68009948730469},"rotation":{"x":-0.15285442769527436,"y":0.6290490031242371,"z":-0.1489209085702896,"w":-0.751120388507843},"size":367.4465637207031,"orthographic":false}