{"cameraMode":{"drawMode":0,"name":"Shaded","section":"Shading Mode"},"sceneLighting":true,"audioPlay":false,"sceneViewState":{"showFog":false,"showMaterialUpdate":false,"showSkybox":false,"showFlares":false,"showImageEffects":false,"showParticleSystems":false},"in2DMode":false,"pivot":{"x":-1101.7724609375,"y":54.37174987792969,"z":91.41168975830078},"rotation":{"x":-0.05764772742986679,"y":0.574498176574707,"z":-0.036575380712747577,"w":-0.8180220127105713},"size":109.37344360351563,"orthographic":false}