{"cameraMode":{"drawMode":0,"name":"Shaded","section":"Shading Mode"},"sceneLighting":false,"audioPlay":false,"sceneViewState":{"showFog":false,"showMaterialUpdate":false,"showSkybox":false,"showFlares":false,"showImageEffects":false,"showParticleSystems":false},"in2DMode":false,"pivot":{"x":-1190.2113037109375,"y":51.20552444458008,"z":272.6717529296875},"rotation":{"x":-0.09868961572647095,"y":0.7686098217964172,"z":-0.12229866534471512,"w":-0.6201862692832947},"size":66.61114501953125,"orthographic":false}