{"cameraMode":{"drawMode":0,"name":"Shaded","section":"Shading Mode"},"sceneLighting":true,"audioPlay":false,"sceneViewState":{"showFog":true,"showMaterialUpdate":false,"showSkybox":true,"showFlares":true,"showImageEffects":true,"showParticleSystems":true},"in2DMode":false,"pivot":{"x":-1193.4820556640625,"y":-5.543049335479736,"z":100.69390869140625},"rotation":{"x":-0.21775639057159425,"y":0.5363840460777283,"z":-0.14598394930362702,"w":-0.8025199770927429},"size":105.26904296875,"orthographic":false}