{"cameraMode":{"drawMode":0,"name":"Shaded","section":"Shading Mode"},"sceneLighting":true,"audioPlay":false,"sceneViewState":{"showFog":false,"showMaterialUpdate":false,"showSkybox":false,"showFlares":false,"showImageEffects":false,"showParticleSystems":false},"in2DMode":false,"pivot":{"x":-1107.294677734375,"y":35.9980583190918,"z":267.9671325683594},"rotation":{"x":-0.3368486166000366,"y":0.6189175248146057,"z":-0.3730188310146332,"w":-0.6082948446273804},"size":62.80137634277344,"orthographic":false}