{"cameraMode":{"drawMode":0,"name":"Shaded","section":"Shading Mode"},"sceneLighting":false,"audioPlay":false,"sceneViewState":{"showFog":true,"showMaterialUpdate":false,"showSkybox":true,"showFlares":true,"showImageEffects":true,"showParticleSystems":true},"in2DMode":false,"pivot":{"x":-972.3673706054688,"y":9.21994400024414,"z":191.82687377929688},"rotation":{"x":-0.23576593399047852,"y":0.5777789950370789,"z":-0.15689143538475038,"w":-0.7677867412567139},"size":44.512454986572269,"orthographic":false}