{"cameraMode":{"drawMode":0,"name":"Shaded","section":"Shading Mode"},"sceneLighting":true,"audioPlay":false,"sceneViewState":{"showFog":false,"showMaterialUpdate":false,"showSkybox":false,"showFlares":false,"showImageEffects":false,"showParticleSystems":false},"in2DMode":false,"pivot":{"x":-1087.52587890625,"y":4.569026947021484,"z":219.22987365722657},"rotation":{"x":-0.052083227783441547,"y":0.7945694923400879,"z":-0.601470410823822,"w":-0.06793972104787827},"size":149.78358459472657,"orthographic":false}