{"cameraMode":{"drawMode":0,"name":"Shaded","section":"Shading Mode"},"sceneLighting":true,"audioPlay":false,"sceneViewState":{"showFog":true,"showMaterialUpdate":false,"showSkybox":true,"showFlares":true,"showImageEffects":true,"showParticleSystems":true},"in2DMode":false,"pivot":{"x":822.2239379882813,"y":-295.2825012207031,"z":-200.68287658691407},"rotation":{"x":0.09126053750514984,"y":0.7580506205558777,"z":-0.10975080728530884,"w":0.6377059817314148},"size":1422.0411376953125,"orthographic":false}