{"cameraMode":{"drawMode":0,"name":"Shaded","section":"Shading Mode"},"sceneLighting":false,"audioPlay":false,"sceneViewState":{"showFog":false,"showMaterialUpdate":false,"showSkybox":false,"showFlares":false,"showImageEffects":false,"showParticleSystems":false},"in2DMode":false,"pivot":{"x":509.2258605957031,"y":171.88731384277345,"z":215.33485412597657},"rotation":{"x":-0.08677031099796295,"y":-0.0022926577366888525,"z":0.002025338588282466,"w":-0.9981589913368225},"size":718.9105224609375,"orthographic":false}