{"cameraMode":{"drawMode":0,"name":"Shaded","section":"Shading Mode"},"sceneLighting":true,"audioPlay":false,"sceneViewState":{"showFog":true,"showMaterialUpdate":false,"showSkybox":true,"showFlares":true,"showImageEffects":true,"showParticleSystems":true},"in2DMode":false,"pivot":{"x":-1095.4317626953125,"y":70.1021728515625,"z":331.90289306640627},"rotation":{"x":0.037971027195453647,"y":-0.9306657910346985,"z":0.10119903087615967,"w":0.34976890683174136},"size":107.37030029296875,"orthographic":false}