{"cameraMode":{"drawMode":0,"name":"Shaded","section":"Shading Mode"},"sceneLighting":true,"audioPlay":false,"sceneViewState":{"showFog":true,"showMaterialUpdate":false,"showSkybox":true,"showFlares":true,"showImageEffects":true,"showParticleSystems":true},"in2DMode":false,"pivot":{"x":-1312.8966064453125,"y":59.54757308959961,"z":100.25762939453125},"rotation":{"x":0.09890870749950409,"y":-0.885392963886261,"z":0.21540126204490663,"w":0.4019005298614502},"size":6.470569610595703,"orthographic":false}