{"cameraMode":{"drawMode":0,"name":"Shaded","section":"Shading Mode"},"sceneLighting":true,"audioPlay":false,"sceneViewState":{"showFog":false,"showMaterialUpdate":false,"showSkybox":false,"showFlares":false,"showImageEffects":false,"showParticleSystems":false},"in2DMode":false,"pivot":{"x":-1052.6058349609375,"y":26.16938018798828,"z":289.106689453125},"rotation":{"x":-0.17643094062805177,"y":-0.7195415496826172,"z":0.19668543338775636,"w":-0.6427842378616333},"size":31.56437873840332,"orthographic":false}