{"cameraMode":{"drawMode":0,"name":"Shaded","section":"Shading Mode"},"sceneLighting":true,"audioPlay":false,"sceneViewState":{"showFog":false,"showMaterialUpdate":false,"showSkybox":false,"showFlares":false,"showImageEffects":false,"showParticleSystems":false},"in2DMode":false,"pivot":{"x":-1142.1363525390625,"y":4.837188720703125,"z":202.27635192871095},"rotation":{"x":0.31200262904167178,"y":-0.2346811294555664,"z":0.07983390241861344,"w":0.9171748161315918},"size":208.16696166992188,"orthographic":false}