{"cameraMode":{"drawMode":0,"name":"Shaded","section":"Shading Mode"},"sceneLighting":true,"audioPlay":false,"sceneViewState":{"showFog":false,"showMaterialUpdate":false,"showSkybox":false,"showFlares":false,"showImageEffects":false,"showParticleSystems":false},"in2DMode":false,"pivot":{"x":-591.6511840820313,"y":296.2821960449219,"z":290.18023681640627},"rotation":{"x":-0.0005443880800157785,"y":0.9996183514595032,"z":0.03450360149145126,"w":0.0027940147556364538},"size":21.616243362426759,"orthographic":false}