{"cameraMode":{"drawMode":0,"name":"Shaded","section":"Shading Mode"},"sceneLighting":true,"audioPlay":false,"sceneViewState":{"showFog":false,"showMaterialUpdate":false,"showSkybox":false,"showFlares":false,"showImageEffects":false,"showParticleSystems":false},"in2DMode":false,"pivot":{"x":-1305.044677734375,"y":60.553993225097659,"z":87.411865234375},"rotation":{"x":-0.3153316080570221,"y":-0.21078737080097199,"z":0.08001579344272614,"w":-0.9239227175712586},"size":4.436501502990723,"orthographic":false}