{"cameraMode":{"drawMode":0,"name":"Shaded","section":"Shading Mode"},"sceneLighting":false,"audioPlay":false,"sceneViewState":{"showFog":false,"showMaterialUpdate":false,"showSkybox":false,"showFlares":false,"showImageEffects":false,"showParticleSystems":false},"in2DMode":false,"pivot":{"x":-1124.2969970703125,"y":9.220735549926758,"z":78.83499145507813},"rotation":{"x":-0.08291616290807724,"y":-0.3847319483757019,"z":0.034694477915763858,"w":-0.9186844825744629},"size":19.336153030395509,"orthographic":false}