{"cameraMode":{"drawMode":0,"name":"Shaded","section":"Shading Mode"},"sceneLighting":true,"audioPlay":false,"sceneViewState":{"showFog":true,"showMaterialUpdate":false,"showSkybox":true,"showFlares":true,"showImageEffects":true,"showParticleSystems":true},"in2DMode":false,"pivot":{"x":-977.9256591796875,"y":51.93898391723633,"z":296.8484802246094},"rotation":{"x":-0.26548004150390627,"y":-0.6392613053321838,"z":0.25038740038871767,"w":-0.6771344542503357},"size":65.0115966796875,"orthographic":true}