{"cameraMode":{"drawMode":0,"name":"Shaded","section":"Shading Mode"},"sceneLighting":false,"audioPlay":false,"sceneViewState":{"showFog":false,"showMaterialUpdate":false,"showSkybox":false,"showFlares":false,"showImageEffects":false,"showParticleSystems":false},"in2DMode":false,"pivot":{"x":-1120.3953857421875,"y":46.85093688964844,"z":244.1990966796875},"rotation":{"x":-0.2975672781467438,"y":0.6473355889320374,"z":-0.2809213101863861,"w":-0.6460827589035034},"size":106.87156677246094,"orthographic":false}