{"cameraMode":{"drawMode":0,"name":"Shaded","section":"Shading Mode"},"sceneLighting":false,"audioPlay":false,"sceneViewState":{"showFog":false,"showMaterialUpdate":false,"showSkybox":false,"showFlares":false,"showImageEffects":false,"showParticleSystems":false},"in2DMode":false,"pivot":{"x":-903.8082885742188,"y":37.998504638671878,"z":159.23257446289063},"rotation":{"x":0.40917354822158816,"y":0.17875470221042634,"z":-0.08210773020982743,"w":0.8910146355628967},"size":110.79084777832031,"orthographic":false}