{"cameraMode":{"drawMode":0,"name":"Shaded","section":"Shading Mode"},"sceneLighting":true,"audioPlay":false,"sceneViewState":{"showFog":false,"showMaterialUpdate":false,"showSkybox":false,"showFlares":false,"showImageEffects":false,"showParticleSystems":false},"in2DMode":false,"pivot":{"x":-1028.2852783203125,"y":71.32527923583985,"z":402.7929992675781},"rotation":{"x":-0.28995588421821597,"y":0.6123149991035461,"z":-0.2276962846517563,"w":-0.7020329833030701},"size":78.76016235351563,"orthographic":false}