{"cameraMode":{"drawMode":0,"name":"Shaded","section":"Shading Mode"},"sceneLighting":true,"audioPlay":false,"sceneViewState":{"showFog":false,"showMaterialUpdate":false,"showSkybox":false,"showFlares":false,"showImageEffects":false,"showParticleSystems":false},"in2DMode":false,"pivot":{"x":-1172.2930908203125,"y":-39.892738342285159,"z":76.98076629638672},"rotation":{"x":0.28604528307914736,"y":-0.7068305015563965,"z":0.33435583114624026,"w":0.5572314262390137},"size":300.2157287597656,"orthographic":false}