{"cameraMode":{"drawMode":0,"name":"Shaded","section":"Shading Mode"},"sceneLighting":true,"audioPlay":false,"sceneViewState":{"showFog":true,"showMaterialUpdate":false,"showSkybox":true,"showFlares":true,"showImageEffects":true,"showParticleSystems":true},"in2DMode":false,"pivot":{"x":-955.3194580078125,"y":69.78168487548828,"z":159.95529174804688},"rotation":{"x":0.18814939260482789,"y":0.7954253554344177,"z":-0.3061540424823761,"w":0.4884336292743683},"size":59.553836822509769,"orthographic":false}