{"cameraMode":{"drawMode":0,"name":"Shaded","section":"Shading Mode"},"sceneLighting":true,"audioPlay":false,"sceneViewState":{"showFog":false,"showMaterialUpdate":false,"showSkybox":false,"showFlares":false,"showImageEffects":false,"showParticleSystems":false},"in2DMode":false,"pivot":{"x":-1093.5050048828125,"y":19.9001407623291,"z":263.3914794921875},"rotation":{"x":0.10040903091430664,"y":-0.8137152791023254,"z":0.14861100912094117,"w":0.5531708598136902},"size":37.77207946777344,"orthographic":false}