{"cameraMode":{"drawMode":0,"name":"Shaded","section":"Shading Mode"},"sceneLighting":false,"audioPlay":false,"sceneViewState":{"showFog":true,"showMaterialUpdate":false,"showSkybox":true,"showFlares":true,"showImageEffects":true,"showParticleSystems":true},"in2DMode":false,"pivot":{"x":-956.5243530273438,"y":140.6724395751953,"z":205.31336975097657},"rotation":{"x":-0.08630460500717163,"y":0.5261952877044678,"z":-0.038478776812553409,"w":-0.8470687866210938},"size":287.157470703125,"orthographic":false}