{"cameraMode":{"drawMode":0,"name":"Shaded","section":"Shading Mode"},"sceneLighting":false,"audioPlay":false,"sceneViewState":{"showFog":false,"showMaterialUpdate":false,"showSkybox":false,"showFlares":false,"showImageEffects":false,"showParticleSystems":false},"in2DMode":false,"pivot":{"x":-1302.1337890625,"y":60.503658294677737,"z":87.57323455810547},"rotation":{"x":-0.22514988481998444,"y":-0.18349750339984895,"z":0.043175242841243747,"w":-0.9559627175331116},"size":2.492859125137329,"orthographic":false}