{"cameraMode":{"drawMode":0,"name":"Shaded","section":"Shading Mode"},"sceneLighting":false,"audioPlay":false,"sceneViewState":{"showFog":false,"showMaterialUpdate":false,"showSkybox":false,"showFlares":false,"showImageEffects":false,"showParticleSystems":false},"in2DMode":false,"pivot":{"x":-1118.536865234375,"y":1.5301117897033692,"z":252.52281188964845},"rotation":{"x":0.27589744329452517,"y":-0.6792633533477783,"z":0.3094768822193146,"w":0.6055808067321777},"size":6.241034507751465,"orthographic":false}