{"cameraMode":{"drawMode":0,"name":"Shaded","section":"Shading Mode"},"sceneLighting":false,"audioPlay":false,"sceneViewState":{"showFog":true,"showMaterialUpdate":false,"showSkybox":true,"showFlares":true,"showImageEffects":true,"showParticleSystems":true},"in2DMode":false,"pivot":{"x":-985.7235107421875,"y":-38.22605514526367,"z":207.94540405273438},"rotation":{"x":0.5035102367401123,"y":-0.2796849012374878,"z":0.1603480577468872,"w":0.8037092089653015},"size":214.6265869140625,"orthographic":false}