{"cameraMode":{"drawMode":0,"name":"Shaded","section":"Shading Mode"},"sceneLighting":false,"audioPlay":false,"sceneViewState":{"showFog":true,"showMaterialUpdate":false,"showSkybox":true,"showFlares":true,"showImageEffects":true,"showParticleSystems":true},"in2DMode":false,"pivot":{"x":-1107.0194091796875,"y":-122.42457580566406,"z":111.8023681640625},"rotation":{"x":0.1300271898508072,"y":-0.7987468242645264,"z":0.5572776794433594,"w":0.18770632147789002},"size":220.70347595214845,"orthographic":false}