{"cameraMode":{"drawMode":0,"name":"Shaded","section":"Shading Mode"},"sceneLighting":true,"audioPlay":false,"sceneViewState":{"showFog":false,"showMaterialUpdate":false,"showSkybox":false,"showFlares":false,"showImageEffects":false,"showParticleSystems":false},"in2DMode":false,"pivot":{"x":-1322.550048828125,"y":244.8300018310547,"z":408.3699951171875},"rotation":{"x":0.12844249606132508,"y":-0.7384077310562134,"z":0.1771559715270996,"w":0.6418609619140625},"size":22.482433319091798,"orthographic":false}