{"cameraMode":{"drawMode":0,"name":"Shaded","section":"Shading Mode"},"sceneLighting":false,"audioPlay":false,"sceneViewState":{"showFog":true,"showMaterialUpdate":false,"showSkybox":true,"showFlares":true,"showImageEffects":true,"showParticleSystems":true},"in2DMode":false,"pivot":{"x":-1303.24072265625,"y":61.04936218261719,"z":92.98445129394531},"rotation":{"x":0.31942373514175417,"y":0.3044624924659729,"z":-0.10948357731103897,"w":0.8917073011398315},"size":3.4015278816223146,"orthographic":false}