{"cameraMode":{"drawMode":0,"name":"Shaded","section":"Shading Mode"},"sceneLighting":true,"audioPlay":false,"sceneViewState":{"showFog":false,"showMaterialUpdate":false,"showSkybox":false,"showFlares":false,"showImageEffects":false,"showParticleSystems":false},"in2DMode":false,"pivot":{"x":-1081.800048828125,"y":26.986011505126954,"z":240.58383178710938},"rotation":{"x":0.05341226980090141,"y":-0.8260191082954407,"z":0.04537215456366539,"w":0.5625478029251099},"size":55.99009704589844,"orthographic":false}