{"cameraMode":{"drawMode":0,"name":"Shaded","section":"Shading Mode"},"sceneLighting":false,"audioPlay":false,"sceneViewState":{"showFog":true,"showMaterialUpdate":false,"showSkybox":true,"showFlares":true,"showImageEffects":true,"showParticleSystems":true},"in2DMode":false,"pivot":{"x":-1178.276123046875,"y":-355.9889221191406,"z":-66.91233825683594},"rotation":{"x":-0.10806979238986969,"y":0.8380811214447022,"z":-0.5037258267402649,"w":-0.1797141283750534},"size":235.08998107910157,"orthographic":false}