{"cameraMode":{"drawMode":0,"name":"Shaded","section":"Shading Mode"},"sceneLighting":false,"audioPlay":false,"sceneViewState":{"showFog":false,"showMaterialUpdate":false,"showSkybox":false,"showFlares":false,"showImageEffects":false,"showParticleSystems":false},"in2DMode":false,"pivot":{"x":-1304.2701416015625,"y":51.190589904785159,"z":94.02159118652344},"rotation":{"x":-0.38956502079963686,"y":0.15513114631175996,"z":-0.08180494606494904,"w":-0.9072108268737793},"size":28.161977767944337,"orthographic":false}