{"cameraMode":{"drawMode":0,"name":"Shaded","section":"Shading Mode"},"sceneLighting":true,"audioPlay":false,"sceneViewState":{"showFog":true,"showMaterialUpdate":false,"showSkybox":true,"showFlares":true,"showImageEffects":true,"showParticleSystems":true},"in2DMode":false,"pivot":{"x":-750.505126953125,"y":174.78561401367188,"z":162.81675720214845},"rotation":{"x":-0.37605392932891848,"y":0.08806710690259934,"z":-0.03476833179593086,"w":-0.922446608543396},"size":162.6721649169922,"orthographic":false}