{"cameraMode":{"drawMode":0,"name":"Shaded","section":"Shading Mode"},"sceneLighting":false,"audioPlay":false,"sceneViewState":{"showFog":true,"showMaterialUpdate":false,"showSkybox":true,"showFlares":true,"showImageEffects":true,"showParticleSystems":true},"in2DMode":false,"pivot":{"x":-1463.947998046875,"y":-206.86280822753907,"z":359.10369873046877},"rotation":{"x":-0.27897101640701296,"y":0.36609938740730288,"z":-0.11597388237714768,"w":-0.8802180886268616},"size":492.7799072265625,"orthographic":false}