{"cameraMode":{"drawMode":0,"name":"Shaded","section":"Shading Mode"},"sceneLighting":true,"audioPlay":false,"sceneViewState":{"showFog":false,"showMaterialUpdate":false,"showSkybox":false,"showFlares":false,"showImageEffects":false,"showParticleSystems":false},"in2DMode":false,"pivot":{"x":-1053.68359375,"y":80.97298431396485,"z":229.72459411621095},"rotation":{"x":0.08617459982633591,"y":0.7275967001914978,"z":-0.06603260338306427,"w":0.6810011267662048},"size":100.9354476928711,"orthographic":false}