{"cameraMode":{"drawMode":0,"name":"Shaded","section":"Shading Mode"},"sceneLighting":true,"audioPlay":false,"sceneViewState":{"showFog":false,"showMaterialUpdate":false,"showSkybox":false,"showFlares":false,"showImageEffects":false,"showParticleSystems":false},"in2DMode":false,"pivot":{"x":-1168.9473876953125,"y":-24.079254150390626,"z":133.18240356445313},"rotation":{"x":0.28056758642196658,"y":-0.663904070854187,"z":0.33803901076316836,"w":0.6093860864639282},"size":204.5308837890625,"orthographic":false}