{"cameraMode":{"drawMode":0,"name":"Shaded","section":"Shading Mode"},"sceneLighting":true,"audioPlay":false,"sceneViewState":{"showFog":true,"showMaterialUpdate":false,"showSkybox":true,"showFlares":true,"showImageEffects":true,"showParticleSystems":true},"in2DMode":false,"pivot":{"x":-809.3748168945313,"y":553.6182250976563,"z":93.68885803222656},"rotation":{"x":-0.4396446645259857,"y":0.2572859227657318,"z":-0.13332054018974305,"w":-0.8502468466758728},"size":514.2088623046875,"orthographic":true}