{"cameraMode":{"drawMode":0,"name":"Shaded","section":"Shading Mode"},"sceneLighting":true,"audioPlay":false,"sceneViewState":{"showFog":false,"showMaterialUpdate":false,"showSkybox":false,"showFlares":false,"showImageEffects":false,"showParticleSystems":false},"in2DMode":false,"pivot":{"x":-1138.2984619140625,"y":1.34698486328125,"z":192.52345275878907},"rotation":{"x":-0.275961309671402,"y":0.5604123473167419,"z":-0.17966270446777345,"w":-0.7623659372329712},"size":279.33062744140627,"orthographic":false}