{"cameraMode":{"drawMode":0,"name":"Shaded","section":"Shading Mode"},"sceneLighting":true,"audioPlay":false,"sceneViewState":{"showFog":false,"showMaterialUpdate":false,"showSkybox":false,"showFlares":false,"showImageEffects":false,"showParticleSystems":false},"in2DMode":false,"pivot":{"x":-641.6349487304688,"y":56.4111328125,"z":403.75518798828127},"rotation":{"x":0.31949368119239809,"y":-0.27628040313720705,"z":0.11738096177577973,"w":0.90189129114151},"size":1242.697509765625,"orthographic":false}